Timestamp,UpperPitch,UpperRoll,LowerPitch,LowerRoll,Status,Score
2026-04-01T23:32:41.502Z,4.4,3.7,3.4,2.3,GOOD,89
2026-04-01T23:32:42.058Z,5.2,3.6,1.5,1.8,GOOD,89
2026-04-01T23:32:42.633Z,6.2,2.5,0.8,0.4,GOOD,89
2026-04-01T23:32:43.193Z,4.9,5.5,3.1,1.3,GOOD,89
2026-04-01T23:32:43.773Z,3.8,4.7,1.5,2.2,GOOD,90
2026-04-01T23:32:44.313Z,3.3,4.5,0.6,0.9,GOOD,90
2026-04-01T23:32:44.873Z,0.9,9.3,1.5,5.5,GOOD,90
2026-04-01T23:32:45.492Z,5.6,7.4,1.6,5.9,GOOD,90
2026-04-01T23:32:46.054Z,0.7,8.6,2,3.7,GOOD,90
2026-04-01T23:32:46.634Z,2.7,4.9,1.2,2.9,GOOD,90
2026-04-01T23:32:47.153Z,2.4,4.7,0.9,4.6,GOOD,90
2026-04-01T23:32:47.733Z,4.4,5.4,0,5.2,GOOD,90
2026-04-01T23:32:48.352Z,0.7,2.4,0.4,353.1,ADJUSTING,89
2026-04-01T23:32:48.853Z,1.8,1.6,1.3,6,GOOD,89
2026-04-01T23:32:49.413Z,1.9,3.3,2.7,3.6,GOOD,90
2026-04-01T23:32:49.972Z,0.5,3.6,1.2,4.7,GOOD,90
2026-04-01T23:32:50.574Z,1.5,10.9,1.1,352.3,ADJUSTING,89
2026-04-01T23:32:51.113Z,3.2,14,1.5,6.1,GOOD,89
2026-04-01T23:32:51.674Z,3.4,11.8,2.5,6.1,GOOD,89
2026-04-01T23:32:52.273Z,3.2,11.5,2.3,353.3,ADJUSTING,88
2026-04-01T23:32:52.834Z,3.5,11.7,2.8,352.8,ADJUSTING,87
2026-04-01T23:32:53.414Z,3.8,12.3,2.8,353.3,ADJUSTING,86
2026-04-01T23:32:54.015Z,3.5,11.7,3,352.9,ADJUSTING,85
2026-04-01T23:32:54.553Z,3.6,12,2.3,353.2,BAD,84
2026-04-01T23:32:55.113Z,3.9,8.6,2.4,353,BAD,83
2026-04-01T23:32:55.673Z,7.9,5.2,2.4,5.9,GOOD,83
2026-04-01T23:32:56.234Z,2.9,6.5,3,4.7,GOOD,83
2026-04-01T23:32:56.793Z,2.5,6.4,2,4.6,GOOD,83
2026-04-01T23:32:57.394Z,5.2,0.3,0.1,348.1,ADJUSTING,82
2026-04-01T23:32:57.973Z,1.9,1.4,2.1,6,GOOD,83
2026-04-01T23:32:58.513Z,1.8,1.5,3.7,2,GOOD,83
2026-04-01T23:32:59.093Z,0.3,0.9,3.3,4.8,GOOD,83
2026-04-01T23:32:59.713Z,0.8,2.5,2.9,3.3,GOOD,83
2026-04-01T23:33:00.212Z,0.1,0.3,1.2,6.1,GOOD,83
2026-04-01T23:33:00.793Z,1.4,0.2,3.2,6.4,GOOD,84
2026-04-01T23:33:01.333Z,0,3.7,1,5.9,GOOD,84
2026-04-01T23:33:01.893Z,0.8,0.2,1.6,4.2,GOOD,84
2026-04-01T23:33:02.453Z,0.2,0.5,0.5,4.7,GOOD,84
2026-04-01T23:33:03.033Z,0.5,1.6,1.5,4.3,GOOD,84
2026-04-01T23:33:03.573Z,0.3,0.9,2.4,3.5,GOOD,84
2026-04-01T23:33:04.132Z,0.5,1.5,2.1,3.8,GOOD,84
2026-04-01T23:33:04.712Z,3.1,1,0,353.4,ADJUSTING,84
2026-04-01T23:33:05.292Z,2.2,0.6,1.8,5,GOOD,84
2026-04-01T23:33:05.853Z,0.4,1.1,0.4,3.4,GOOD,84
2026-04-01T23:33:06.412Z,0.5,1,1,3,GOOD,84
2026-04-01T23:33:06.954Z,0.1,1.3,0.9,3,GOOD,84
2026-04-01T23:33:07.512Z,0.6,1.7,0.2,3.7,GOOD,84
2026-04-01T23:33:08.072Z,0.2,0.6,0.7,5.6,GOOD,84
2026-04-01T23:33:08.633Z,0.2,0.9,1.7,5,GOOD,85
2026-04-01T23:33:09.213Z,0.4,0.7,0.7,353.4,ADJUSTING,84
2026-04-01T23:33:09.813Z,0.5,1.7,0.6,5.7,GOOD,84
2026-04-01T23:33:10.332Z,3.9,9,2.9,1.3,GOOD,84
2026-04-01T23:33:10.914Z,2,7.4,1.4,0.7,GOOD,84
2026-04-01T23:33:11.454Z,2.4,8.7,0.9,0.1,GOOD,84
2026-04-01T23:33:12.013Z,2.2,8.4,0.9,0.5,GOOD,85
2026-04-01T23:33:12.572Z,1.6,8.7,0.7,0.4,GOOD,85
2026-04-01T23:33:13.133Z,1.4,6.8,1.2,1,GOOD,85
2026-04-01T23:33:13.693Z,1.6,6.9,1.7,1.4,GOOD,85
2026-04-01T23:33:14.293Z,1.6,6.9,1.5,1.1,GOOD,85
2026-04-01T23:33:14.832Z,2.7,6.1,1.9,0.6,GOOD,85
2026-04-01T23:33:15.373Z,2.1,5.3,2.2,2.7,GOOD,85
2026-04-01T23:33:15.933Z,3,5.4,2,1.4,GOOD,85
2026-04-01T23:33:16.494Z,1.4,8.4,0.3,0.4,GOOD,85
2026-04-01T23:33:17.072Z,2.5,8.2,0.6,1.2,GOOD,86
2026-04-01T23:33:17.614Z,1.9,8.6,1.1,0.7,GOOD,86
2026-04-01T23:33:18.233Z,1.9,9.4,1.2,1.8,GOOD,86
2026-04-01T23:33:18.753Z,1.3,10.2,0.5,3,GOOD,86
2026-04-01T23:33:19.332Z,0.5,11.3,0.1,4.7,GOOD,86
2026-04-01T23:33:19.873Z,1.7,13.2,0.6,6.8,GOOD,86
2026-04-01T23:33:20.453Z,0.9,15.1,1.4,10.3,ADJUSTING,85
2026-04-01T23:33:21.054Z,1.5,14.5,0.4,9.8,GOOD,86
2026-04-01T23:33:21.653Z,1.2,1.7,2.8,3.1,GOOD,86
2026-04-01T23:33:22.233Z,0.8,1.4,3,352.2,ADJUSTING,85
2026-04-01T23:33:22.773Z,3.7,1.2,2.3,351.5,ADJUSTING,84
2026-04-01T23:33:23.333Z,1.8,0.1,3.5,353.1,ADJUSTING,84
2026-04-01T23:33:23.912Z,0.9,0.7,2.1,352.2,ADJUSTING,83
2026-04-01T23:33:24.472Z,1.6,0.2,0.7,352.6,BAD,83
2026-04-01T23:33:25.033Z,3.8,5.2,3.2,352.4,BAD,82
2026-04-01T23:33:25.594Z,4.1,2.1,3.6,353.4,BAD,81
2026-04-01T23:33:26.173Z,2.1,4,4,350,BAD,81
2026-04-01T23:33:26.852Z,4.5,12.3,4.8,348.4,BAD,80
2026-04-01T23:33:27.294Z,10.1,2.9,4.8,5.7,GOOD,80
2026-04-01T23:33:27.852Z,4.9,3.4,4.4,3.5,GOOD,81
2026-04-01T23:33:28.413Z,1.6,6.7,3.7,4.4,GOOD,81
2026-04-01T23:33:28.973Z,2.1,4.8,5.6,4.6,GOOD,81
2026-04-01T23:33:29.532Z,0.1,6.9,6.1,2.8,GOOD,81
2026-04-01T23:33:30.093Z,1.8,8.9,3.3,3.5,GOOD,81
2026-04-01T23:33:30.673Z,0.3,4.9,10.2,5.3,GOOD,81
2026-04-01T23:33:31.233Z,6.8,6.4,2.4,353.5,ADJUSTING,81
2026-04-01T23:33:31.813Z,6.7,4.9,4,352.4,ADJUSTING,80
2026-04-01T23:33:32.393Z,7.3,2.5,3.7,351.6,ADJUSTING,80
2026-04-01T23:33:33.013Z,5,0.9,5.8,351.1,ADJUSTING,79
2026-04-01T23:33:33.594Z,3,1.2,5,352.5,BAD,79
2026-04-01T23:33:34.132Z,5.6,5.3,2.7,350.5,BAD,78
2026-04-01T23:33:34.711Z,8.8,6.1,3.8,351.4,BAD,78
2026-04-01T23:33:35.253Z,6.4,9.4,2.9,1.6,GOOD,78
2026-04-01T23:33:35.813Z,3.5,9.8,4.6,3.8,GOOD,78
2026-04-01T23:33:36.372Z,3.7,7.2,6.3,5.8,GOOD,78
2026-04-01T23:33:36.951Z,1.2,6.2,3.9,353.3,ADJUSTING,78
2026-04-01T23:33:37.533Z,0.5,3.6,4.6,352.6,ADJUSTING,77
2026-04-01T23:33:38.093Z,0.1,3.9,4.1,352.1,ADJUSTING,77
2026-04-01T23:33:38.673Z,1,6.1,3.4,352.8,ADJUSTING,76
2026-04-01T23:33:39.333Z,0.3,3.8,3.1,6.4,GOOD,76
2026-04-01T23:33:39.813Z,0.3,1.2,2.8,352.3,ADJUSTING,76
2026-04-01T23:33:40.394Z,0,0.3,3.1,6.3,GOOD,76
2026-04-01T23:33:40.993Z,1.2,1,3.5,5.3,GOOD,76
2026-04-01T23:33:41.493Z,0.9,0.7,3.4,4.7,GOOD,76
2026-04-01T23:33:42.371Z,0.4,0.7,3.5,5,GOOD,76
2026-04-01T23:33:42.712Z,0.1,0.7,3.8,5.7,GOOD,77
2026-04-01T23:33:43.193Z,2.9,4,2.5,352.2,ADJUSTING,76
2026-04-01T23:33:43.753Z,3.1,3.5,3.6,350.7,ADJUSTING,76
2026-04-01T23:33:44.331Z,2.3,4.1,2.9,349.9,ADJUSTING,75
2026-04-01T23:33:44.913Z,2.3,5.5,3.9,350.4,ADJUSTING,75
2026-04-01T23:33:45.473Z,2.1,4.5,4.1,350.5,BAD,74
2026-04-01T23:33:46.032Z,9.2,1.1,4.3,349.2,BAD,74
2026-04-01T23:33:46.633Z,1.2,9.4,4,6,GOOD,74
2026-04-01T23:33:47.152Z,2,4.3,2.1,4.5,GOOD,74
2026-04-01T23:33:47.753Z,2.4,3,2.3,353,ADJUSTING,74
2026-04-01T23:33:48.333Z,1.9,0.3,2.3,350,ADJUSTING,73
2026-04-01T23:33:48.993Z,1.7,1,2.2,349.7,ADJUSTING,73
2026-04-01T23:33:49.473Z,2.9,1.6,2,349.1,ADJUSTING,73
2026-04-01T23:33:50.013Z,2.3,2.4,3.3,349.1,BAD,72
2026-04-01T23:33:50.615Z,3.8,6.5,2.7,348.7,BAD,72
2026-04-01T23:33:51.152Z,2.6,1.9,1.6,350.6,BAD,71
2026-04-01T23:33:51.713Z,5.3,19.7,2.2,6.5,BAD,71
2026-04-01T23:33:52.272Z,8,12.5,0.8,4.5,GOOD,71
2026-04-01T23:33:52.873Z,3.1,15,0.8,4,ADJUSTING,71
2026-04-01T23:33:53.413Z,0.4,12.5,1.7,5,GOOD,71
2026-04-01T23:33:53.993Z,2.5,15.6,1.8,353.1,ADJUSTING,71
2026-04-01T23:33:54.552Z,2.7,10.7,2.7,349.2,ADJUSTING,70
2026-04-01T23:33:55.133Z,12.6,13.2,9.1,349,ADJUSTING,70
2026-04-01T23:33:55.711Z,7.9,11.7,7.4,340,ADJUSTING,70
2026-04-01T23:33:56.273Z,5.6,1.7,4.7,327.7,BAD,69
2026-04-01T23:33:56.892Z,3.7,2.1,1.3,341.9,BAD,69
2026-04-01T23:33:57.452Z,8.9,3.4,1.1,341.5,BAD,69
2026-04-01T23:33:58.013Z,0.7,12.8,1.4,340.6,BAD,68
2026-04-01T23:33:58.572Z,5.8,4.2,1.5,342.3,BAD,68
2026-04-01T23:33:59.152Z,13.1,7.3,1.2,347,BAD,67
2026-04-01T23:33:59.712Z,0.2,3.2,4.4,346.1,BAD,67
2026-04-01T23:34:00.273Z,1.9,3.4,3.4,348.9,BAD,67
2026-04-01T23:34:00.835Z,7.1,1,4,351.4,BAD,66
2026-04-01T23:34:01.391Z,8.6,2.7,3.2,349.7,BAD,66
2026-04-01T23:34:01.952Z,0.4,5.8,6.6,350,BAD,66
2026-04-01T23:34:02.512Z,1.1,2.1,3.4,353,BAD,66
2026-04-01T23:34:03.073Z,3.5,17,1.1,6.3,BAD,65
2026-04-01T23:34:03.652Z,6,14.7,2,1.8,GOOD,65
2026-04-01T23:34:04.212Z,2.2,17.7,2.4,1.3,ADJUSTING,65
2026-04-01T23:34:04.791Z,0.4,15,2.2,1.5,ADJUSTING,65
2026-04-01T23:34:05.351Z,0.3,17.6,0.4,0.7,ADJUSTING,64
2026-04-01T23:34:05.933Z,0.7,12.9,2.8,1,GOOD,65
2026-04-01T23:34:06.532Z,0.1,11.4,2.7,1.1,GOOD,65
2026-04-01T23:34:07.093Z,2.9,7.8,2.7,1.5,GOOD,65
2026-04-01T23:34:07.651Z,1.5,8.3,0.3,2.1,GOOD,65
2026-04-01T23:34:08.211Z,0.7,11.5,1.2,0.8,GOOD,65
2026-04-01T23:34:08.772Z,0.7,9.1,0.2,0.8,GOOD,65
2026-04-01T23:34:09.332Z,2.1,10.2,0.3,1.9,GOOD,66
2026-04-01T23:34:09.891Z,0.7,10.3,3.1,1.2,GOOD,66
2026-04-01T23:34:10.472Z,0.3,11.5,2,0.3,GOOD,66
2026-04-01T23:34:11.032Z,2.9,8.7,2.9,0.2,GOOD,66
2026-04-01T23:34:11.613Z,6,6,5.4,2.2,GOOD,66
2026-04-01T23:34:12.152Z,2.1,12.6,5.1,5.2,GOOD,66
2026-04-01T23:34:12.732Z,3.9,8.7,5,4.4,GOOD,66
2026-04-01T23:34:13.272Z,2.1,8.5,1.6,5.4,GOOD,67
2026-04-01T23:34:13.852Z,4.2,3,4.5,352.4,ADJUSTING,66
2026-04-01T23:34:14.411Z,1.4,3.7,1.9,350.3,ADJUSTING,66
2026-04-01T23:34:14.993Z,1.9,5,2.8,350.4,ADJUSTING,66
2026-04-01T23:34:15.573Z,0.9,3.7,2.3,349.5,ADJUSTING,65
2026-04-01T23:34:16.133Z,1.7,5.4,1.7,350.4,BAD,65
2026-04-01T23:34:16.692Z,4.4,7.2,2.5,350.4,BAD,65
2026-04-01T23:34:17.252Z,4.2,9.8,3.8,5.7,GOOD,65
2026-04-01T23:34:17.872Z,4.3,12.8,0.8,1.7,GOOD,65
2026-04-01T23:34:18.593Z,3.8,12.1,3,0.2,GOOD,65
2026-04-01T23:34:18.972Z,3.6,10.7,1.7,0.9,GOOD,65
2026-04-01T23:34:19.693Z,2.8,9.6,1.4,1,GOOD,66
2026-04-01T23:34:20.071Z,1.2,14.1,0,2.9,GOOD,66
2026-04-01T23:34:20.632Z,0.2,17.7,4.9,3.6,ADJUSTING,65
2026-04-01T23:34:21.232Z,1.1,14.8,5.3,2.6,GOOD,66
2026-04-01T23:34:21.852Z,0.5,13.9,3.8,0.6,GOOD,66
2026-04-01T23:34:22.332Z,2,8.9,3.1,3.1,GOOD,66
2026-04-01T23:34:22.952Z,2,9.4,1.9,3.3,GOOD,66
2026-04-01T23:34:23.452Z,4.5,13.9,4.9,0.5,GOOD,66
2026-04-01T23:34:24.272Z,7.1,14.7,5.9,0.6,GOOD,66
2026-04-01T23:34:24.771Z,7.7,15.9,4.9,0.1,ADJUSTING,66
2026-04-01T23:34:25.274Z,8.6,14.5,6.4,0.4,GOOD,66
2026-04-01T23:34:25.832Z,10.2,16,7.9,3.6,ADJUSTING,66
2026-04-01T23:34:26.292Z,7.6,18.5,3.4,1.7,ADJUSTING,66
2026-04-01T23:34:26.873Z,6.4,17.4,4.3,2.1,ADJUSTING,65
2026-04-01T23:34:27.433Z,8.9,22.9,3.3,1.2,ADJUSTING,65
2026-04-01T23:34:27.994Z,8.9,25.2,4.8,7.1,BAD,65
2026-04-01T23:34:28.553Z,5.9,28.7,5.1,0.7,BAD,65
2026-04-01T23:34:29.134Z,11.7,16.9,4.3,1,BAD,64
2026-04-01T23:34:29.711Z,10.3,17.8,4.6,0.9,BAD,64
2026-04-01T23:34:30.413Z,0.5,19.4,5.4,4,BAD,64
2026-04-01T23:34:30.812Z,12.1,10.7,3.9,2.9,GOOD,64
2026-04-01T23:34:31.392Z,4.1,15.4,3.9,4,ADJUSTING,64
2026-04-01T23:34:31.951Z,6.3,16.3,4.5,3.4,ADJUSTING,63
2026-04-01T23:34:32.612Z,6.8,16.6,5.6,2.1,ADJUSTING,63
2026-04-01T23:34:33.211Z,6.7,16.7,3.6,2,ADJUSTING,63
2026-04-01T23:34:33.713Z,6.6,16.7,3.8,2.1,BAD,63
2026-04-01T23:34:34.311Z,5.7,19.3,4.6,2.1,BAD,63
2026-04-01T23:34:34.871Z,1.2,16.2,4.8,5.2,BAD,62
2026-04-01T23:34:35.392Z,1.6,13.4,5,352.3,BAD,62
2026-04-01T23:34:35.952Z,6.6,4.4,2.5,351.8,BAD,62
2026-04-01T23:34:36.511Z,4.5,13.7,3.6,352.8,BAD,62
2026-04-01T23:34:37.072Z,5.2,4.8,2.2,5.4,GOOD,62
2026-04-01T23:34:37.631Z,0.7,9.6,3,4.2,GOOD,62
2026-04-01T23:34:38.193Z,0.1,10,2.4,3.8,GOOD,62
2026-04-01T23:34:38.771Z,0.9,10.5,2.6,3.2,GOOD,62
2026-04-01T23:34:39.332Z,0.9,9.9,2.3,3.7,GOOD,62
2026-04-01T23:34:39.892Z,0.9,9.9,2.9,4,GOOD,62
2026-04-01T23:34:40.491Z,0.7,8.9,2.6,5,GOOD,63
2026-04-01T23:34:41.052Z,0.7,8.5,2.8,5.1,GOOD,63
2026-04-01T23:34:41.611Z,1.2,9.2,2.9,5.1,GOOD,63
2026-04-01T23:34:42.172Z,0.6,9,3.1,4.1,GOOD,63
2026-04-01T23:34:42.732Z,0.5,7.5,3.3,3.6,GOOD,63
2026-04-01T23:34:43.292Z,1.1,7.6,3.5,3.6,GOOD,63
2026-04-01T23:34:43.852Z,0.8,8.1,3.7,4,GOOD,63
2026-04-01T23:34:44.413Z,0.5,7.8,3.5,4.8,GOOD,63
2026-04-01T23:34:44.972Z,1.1,7.6,3.5,4.7,GOOD,64
2026-04-01T23:34:45.532Z,0.9,8,3.2,4.8,GOOD,64
2026-04-01T23:34:46.092Z,1.1,8.6,3.7,4.1,GOOD,64
2026-04-01T23:34:46.652Z,0.7,8.5,3.5,2.9,GOOD,64
2026-04-01T23:34:47.212Z,1.1,8.7,3.6,3.3,GOOD,64
2026-04-01T23:34:47.771Z,1,8.7,3.1,3.2,GOOD,64
2026-04-01T23:34:48.334Z,1.3,8.1,3.5,3.3,GOOD,64
2026-04-01T23:34:48.891Z,0.9,7.6,2.7,3.4,GOOD,64
2026-04-01T23:34:49.472Z,1.9,1.9,3.4,351.4,ADJUSTING,64
2026-04-01T23:34:50.052Z,0.6,2.9,2.5,349,ADJUSTING,64
2026-04-01T23:34:50.612Z,3.3,7.3,4.1,353.1,ADJUSTING,64
2026-04-01T23:34:51.192Z,1.4,9.9,1,4.2,GOOD,64
2026-04-01T23:34:51.733Z,2.6,7.4,3.3,3.3,GOOD,64
2026-04-01T23:34:52.292Z,3.4,6.8,4,3.6,GOOD,64
2026-04-01T23:34:52.853Z,1.6,6.7,2.6,5,GOOD,64
2026-04-01T23:34:53.411Z,2.3,6.6,3,5.4,GOOD,64
2026-04-01T23:34:53.991Z,2.1,7.2,2.7,3.3,GOOD,65
2026-04-01T23:34:54.552Z,2.5,6.3,3.4,2.7,GOOD,65
2026-04-01T23:34:55.131Z,2,7,2.7,2.6,GOOD,65
2026-04-01T23:34:55.672Z,1.9,7.1,3,2.7,GOOD,65
2026-04-01T23:34:56.231Z,2.4,6.6,3,2.4,GOOD,65
2026-04-01T23:34:56.790Z,1.9,6.9,4.1,3.3,GOOD,65
2026-04-01T23:34:57.352Z,1.1,8.9,3.7,3.3,GOOD,65
2026-04-01T23:34:57.912Z,1.7,9,3.1,2.7,GOOD,65
2026-04-01T23:34:58.471Z,1.7,8.6,2.8,1.2,GOOD,65
2026-04-01T23:34:59.031Z,2,7.8,3.6,1.8,GOOD,66
2026-04-01T23:34:59.628Z,1.7,8.7,2.8,0.2,GOOD,66
2026-04-01T23:35:00.152Z,1.9,9.8,2.9,0.7,GOOD,66
2026-04-01T23:35:00.812Z,4,10.6,3,2.8,GOOD,66
2026-04-01T23:35:01.292Z,5.7,19,10.2,0.4,ADJUSTING,66
2026-04-01T23:35:01.852Z,1.6,10.8,3.5,2.1,GOOD,66
2026-04-01T23:35:02.412Z,1.9,10.5,3.8,2.7,GOOD,66
2026-04-01T23:35:02.971Z,2.5,9.2,4.2,3.5,GOOD,66
2026-04-01T23:35:03.533Z,1.6,8.7,5.4,3.8,GOOD,66
2026-04-01T23:35:04.152Z,7.3,23.3,10.1,10,ADJUSTING,66
2026-04-01T23:35:04.692Z,6.2,27,1.7,18.7,ADJUSTING,66
2026-04-01T23:35:05.271Z,55.1,68.9,38.3,51.8,ADJUSTING,65
2026-04-01T23:35:05.853Z,15.4,53,5.6,26.3,ADJUSTING,65
2026-04-01T23:35:06.412Z,1.6,8,7,351.4,BAD,65
2026-04-01T23:35:06.972Z,5.1,13,5.3,349,BAD,65
2026-04-01T23:35:07.530Z,12.1,2,10.9,348.8,BAD,65
2026-04-01T23:35:08.151Z,7.9,12.7,3.1,345.8,BAD,64
2026-04-01T23:35:08.732Z,4.7,7.7,2.3,350.2,BAD,64
2026-04-01T23:35:09.272Z,8.5,19.3,3.4,3.9,BAD,64
2026-04-01T23:35:09.831Z,2.6,5.7,3.9,352.9,BAD,64
2026-04-01T23:35:10.392Z,4.9,9.5,5.9,352.3,BAD,64
2026-04-01T23:35:10.972Z,8,10.3,4.2,350.9,BAD,63
2026-04-01T23:35:11.531Z,10.8,9.1,2.2,346.3,BAD,63
2026-04-01T23:35:12.131Z,2.9,7.8,2.4,348.1,BAD,63
2026-04-01T23:35:12.752Z,3.8,6.3,2.6,5.4,GOOD,63
2026-04-01T23:35:13.232Z,0.7,17,4.2,0.4,ADJUSTING,63
2026-04-01T23:35:13.830Z,2.3,13.9,4.2,0.7,GOOD,63
2026-04-01T23:35:14.412Z,3.3,17.1,4.9,8.4,ADJUSTING,63
2026-04-01T23:35:14.972Z,3,2.4,1.8,0.4,GOOD,63
2026-04-01T23:35:15.530Z,2.3,13.2,5.2,5.1,GOOD,63
2026-04-01T23:35:16.091Z,5,6,0.7,2.3,GOOD,63
2026-04-01T23:35:16.652Z,6.8,30.8,7.7,12.7,ADJUSTING,63
2026-04-01T23:35:17.292Z,1.1,17.5,1.4,0.1,ADJUSTING,63
2026-04-01T23:35:17.872Z,1.9,10.1,3.3,1.9,GOOD,63
2026-04-01T23:35:18.372Z,2.1,17.2,3,3.9,ADJUSTING,63
2026-04-01T23:35:18.991Z,1.1,18,3.2,6.3,ADJUSTING,63
2026-04-01T23:35:19.511Z,0.3,14.9,2.1,6,GOOD,63
2026-04-01T23:35:20.072Z,0.7,15.6,0.3,6.4,ADJUSTING,63
2026-04-01T23:35:20.652Z,0.7,15.3,0.9,3.8,ADJUSTING,62
2026-04-01T23:35:21.312Z,0.9,12.6,2.4,352.5,ADJUSTING,62
2026-04-01T23:35:21.832Z,0.7,14.8,0.4,352.4,ADJUSTING,62
2026-04-01T23:35:22.392Z,1.8,15,2.6,6.1,GOOD,62
2026-04-01T23:35:22.932Z,5.2,12.8,3.5,5,GOOD,62
2026-04-01T23:35:23.512Z,3.6,15.7,3,352.3,ADJUSTING,62
2026-04-01T23:35:24.092Z,3.8,13.1,3.7,353.2,ADJUSTING,62
2026-04-01T23:35:24.671Z,2.9,12.5,3.7,351.2,ADJUSTING,62
2026-04-01T23:35:25.231Z,1.1,10,2.4,347.6,ADJUSTING,61
2026-04-01T23:35:25.812Z,0.4,8,2.1,350.3,BAD,61
2026-04-01T23:35:26.372Z,2,12,3.5,348.8,BAD,61
2026-04-01T23:35:26.930Z,4.4,8.3,2.6,347.6,BAD,61
2026-04-01T23:35:27.592Z,6.5,11.5,3.5,346.6,BAD,61
2026-04-01T23:35:28.192Z,5,16.6,2.8,350.4,BAD,61
2026-04-01T23:35:28.732Z,7.1,9.9,2.8,343.2,BAD,60
2026-04-01T23:35:29.291Z,7.4,8,3.4,344,BAD,60
2026-04-01T23:35:29.872Z,8,10.1,2.3,345.6,BAD,60
2026-04-01T23:35:30.471Z,2.2,3.9,2.2,348.8,BAD,60
2026-04-01T23:35:30.973Z,1.3,5.3,1.8,350.7,BAD,60
2026-04-01T23:35:31.531Z,6.7,7.4,1.1,348.8,BAD,60
2026-04-01T23:35:32.092Z,0.7,0.5,0.4,349.4,BAD,59
2026-04-01T23:35:32.692Z,2.2,3.6,0.8,351.2,BAD,59
2026-04-01T23:35:33.231Z,10.2,3.7,0.9,349.3,BAD,59
2026-04-01T23:35:33.791Z,0.4,13.1,2.6,2.7,GOOD,59
2026-04-01T23:35:34.351Z,0.7,13.6,1.3,4.7,GOOD,59
2026-04-01T23:35:34.931Z,0.8,9.5,3,4.8,GOOD,59
2026-04-01T23:35:35.491Z,1.5,8.9,1.5,352.5,ADJUSTING,59
2026-04-01T23:35:36.071Z,1.6,12.7,2.2,353.4,ADJUSTING,59
2026-04-01T23:35:36.652Z,2.2,13.5,4,351.7,ADJUSTING,59
2026-04-01T23:35:37.231Z,3,11.8,3.7,351.4,ADJUSTING,59
2026-04-01T23:35:37.790Z,2.8,13.7,2.8,351.1,BAD,59
2026-04-01T23:35:38.350Z,1.8,18.3,3.5,352,BAD,58
2026-04-01T23:35:38.911Z,0.6,12.3,3.3,351.2,BAD,58
2026-04-01T23:35:39.512Z,4,13.2,3.6,349.1,BAD,58
2026-04-01T23:35:40.130Z,3.4,10.2,3.2,347.6,BAD,58
2026-04-01T23:35:40.631Z,6,12.6,3.3,346.9,BAD,58
2026-04-01T23:35:41.571Z,4.4,6.8,3.6,347.2,BAD,58
2026-04-01T23:35:41.812Z,1.6,7,3.7,347.8,BAD,58
2026-04-01T23:35:42.290Z,4.9,6.9,3.9,350.9,BAD,57
2026-04-01T23:35:42.852Z,2.9,9.2,2.6,351,BAD,57
2026-04-01T23:35:43.433Z,3.8,7.5,2.9,352.5,BAD,57
2026-04-01T23:35:43.991Z,4.3,4.7,3.9,347.5,BAD,57
2026-04-01T23:35:44.551Z,0.9,1.8,3,342.3,BAD,57
2026-04-01T23:35:45.110Z,3.5,3.6,2.3,343.3,BAD,57
2026-04-01T23:35:45.671Z,0.8,3.5,1.9,339.8,BAD,57
2026-04-01T23:35:46.231Z,4.1,7.5,2.5,343.7,BAD,56
2026-04-01T23:35:47.031Z,2.8,4.7,1.4,349.6,BAD,56
2026-04-01T23:35:47.633Z,6.8,9.5,2.1,348.6,BAD,56
2026-04-01T23:35:48.031Z,5.1,8.5,2,348.1,BAD,56
2026-04-01T23:35:48.491Z,4.8,10.8,1.8,346.5,BAD,56
2026-04-01T23:35:49.052Z,1.9,3.6,2.6,344.1,BAD,56
2026-04-01T23:35:49.611Z,0.4,3,2.6,342.3,BAD,56
2026-04-01T23:35:50.171Z,3.2,8.5,3.5,342.9,BAD,55
2026-04-01T23:35:50.731Z,0.9,0.4,2.9,341.4,BAD,55
2026-04-01T23:35:51.291Z,5.5,5.6,2.5,339.9,BAD,55
2026-04-01T23:35:51.852Z,2.1,0.5,2.5,338.5,BAD,55
2026-04-01T23:35:52.431Z,0.6,0.8,2.4,339,BAD,55
2026-04-01T23:35:52.991Z,2.3,0.9,2.2,338.9,BAD,55
2026-04-01T23:35:53.553Z,2.6,5.4,2.9,339.6,BAD,55
2026-04-01T23:35:54.111Z,1.7,8.6,2.2,345.1,BAD,54
2026-04-01T23:35:54.692Z,3.8,10.4,2.3,351.7,BAD,54
2026-04-01T23:35:55.651Z,1.7,9.8,1.6,352.9,BAD,54
2026-04-01T23:35:55.811Z,3.8,14.4,2.3,6.1,GOOD,54
2026-04-01T23:35:57.191Z,1.9,13.9,0.9,1.2,GOOD,54
2026-04-01T23:35:57.391Z,1.2,12.3,1.5,3.2,GOOD,54
2026-04-01T23:35:57.511Z,2.1,12.8,0.5,0.8,GOOD,55
2026-04-01T23:35:58.091Z,1.9,19.7,0.6,7.1,ADJUSTING,54
2026-04-01T23:35:58.651Z,0.7,22.1,0.7,10.1,ADJUSTING,54
2026-04-01T23:35:59.232Z,0.8,20.2,0.8,9.2,ADJUSTING,54
2026-04-01T23:35:59.792Z,0.2,21.7,0.7,9.2,ADJUSTING,54
2026-04-01T23:36:00.351Z,0.8,21.2,1,9.3,BAD,54
2026-04-01T23:36:00.912Z,7,26.2,1.4,9.6,BAD,54
2026-04-01T23:36:01.531Z,2.5,11.5,2.2,1.3,GOOD,54
2026-04-01T23:36:02.071Z,1,13.2,3,2.5,GOOD,54
2026-04-01T23:36:02.651Z,0.9,13.9,2.6,3.5,GOOD,54
2026-04-01T23:36:03.251Z,1,12.9,2.9,4.5,GOOD,54
2026-04-01T23:36:03.811Z,0.8,13.1,2.7,5.2,GOOD,54
2026-04-01T23:36:04.370Z,1,12.8,2.7,5.3,GOOD,54
2026-04-01T23:36:04.930Z,0.9,12.4,2.9,4.9,GOOD,55
2026-04-01T23:36:05.491Z,1,12.6,2.8,5.5,GOOD,55
2026-04-01T23:36:06.050Z,0.9,12.1,3.1,6,GOOD,55
2026-04-01T23:36:06.630Z,1,12.2,2.6,5.9,GOOD,55
2026-04-01T23:36:07.191Z,0.8,12.6,2.5,5.7,GOOD,55
2026-04-01T23:36:07.751Z,0.7,14.7,2.6,3.5,GOOD,55
2026-04-01T23:36:08.310Z,1.2,11.6,3,5.2,GOOD,55
2026-04-01T23:36:08.890Z,0.1,10.9,3.8,353,ADJUSTING,55
2026-04-01T23:36:09.471Z,0.5,11.5,3.5,5.5,GOOD,55
2026-04-01T23:36:10.051Z,0.8,11.7,2.9,5.8,GOOD,55
2026-04-01T23:36:10.570Z,0.9,11.8,2.7,5.8,GOOD,55
2026-04-01T23:36:11.130Z,0.6,11.9,2.9,6.2,GOOD,55
2026-04-01T23:36:11.711Z,2.3,10.6,3.9,5,GOOD,56
2026-04-01T23:36:12.271Z,1,11.3,3.8,353.4,ADJUSTING,55
2026-04-01T23:36:12.851Z,1,12.3,3.9,352.4,ADJUSTING,55
2026-04-01T23:36:13.411Z,1.3,13.8,5.4,5.6,GOOD,55
2026-04-01T23:36:14.011Z,0.8,12.5,4.1,5.4,GOOD,56
2026-04-01T23:36:14.591Z,0.1,14.3,3.2,5.4,GOOD,56
2026-04-01T23:36:15.132Z,0.6,10.9,1.7,351.6,ADJUSTING,55
2026-04-01T23:36:15.691Z,0.2,11.9,4.3,5.9,GOOD,56
2026-04-01T23:36:16.251Z,0.5,11.6,2.9,353.5,ADJUSTING,55
2026-04-01T23:36:16.871Z,0.1,12.4,3.9,353.3,ADJUSTING,55
2026-04-01T23:36:17.412Z,0.1,12.3,3.3,353.3,ADJUSTING,55
2026-04-01T23:36:17.990Z,0.4,12.6,3.6,352.9,ADJUSTING,55
2026-04-01T23:36:18.551Z,0.5,12.7,3.6,353,BAD,55
2026-04-01T23:36:19.131Z,1.5,16.3,4.1,352.5,BAD,55
2026-04-01T23:36:19.690Z,1.7,17.1,3.9,6.3,BAD,55
2026-04-01T23:36:20.251Z,5.8,11.4,3.7,5.5,GOOD,55
2026-04-01T23:36:20.821Z,0.9,14.5,4.1,5.6,GOOD,55
2026-04-01T23:36:21.371Z,1.3,14.4,4.4,5.8,GOOD,55
2026-04-01T23:36:21.930Z,3.3,14.4,4.4,5.3,GOOD,55
2026-04-01T23:36:22.511Z,2.3,15.3,4.2,5.4,ADJUSTING,55
2026-04-01T23:36:23.071Z,2.7,15.4,3.6,5.5,ADJUSTING,55
2026-04-01T23:36:23.671Z,3.6,15.7,4.3,6.4,ADJUSTING,55
2026-04-01T23:36:24.209Z,2.6,14.5,3.6,6.5,GOOD,55
2026-04-01T23:36:24.791Z,1.2,18.6,2.1,5.7,ADJUSTING,55
2026-04-01T23:36:25.371Z,3,19,3.8,4.8,ADJUSTING,55
2026-04-01T23:36:25.931Z,3.4,18.8,3.8,4.8,ADJUSTING,54
2026-04-01T23:36:26.511Z,2.4,18.1,3.5,6.1,ADJUSTING,54
2026-04-01T23:36:27.070Z,2.9,18,3.6,5.5,BAD,54
2026-04-01T23:36:27.631Z,2.2,20.6,4.5,5.1,BAD,54
2026-04-01T23:36:28.210Z,3.4,20,4.9,352.7,BAD,54
2026-04-01T23:36:28.771Z,4.5,11.8,3.5,351.1,BAD,54
2026-04-01T23:36:29.332Z,6,14.8,3.5,351.4,BAD,54
2026-04-01T23:36:29.892Z,2.7,18.4,4.1,353,BAD,54
2026-04-01T23:36:30.452Z,6.3,16.7,3.3,4.4,BAD,54
2026-04-01T23:36:31.070Z,4,19.1,3.8,3.6,BAD,53
2026-04-01T23:36:31.632Z,3.3,21.6,3.1,2.7,BAD,53
2026-04-01T23:36:32.151Z,2.8,21.9,2.6,2.1,BAD,53
2026-04-01T23:36:32.711Z,2.6,22,2.8,2,BAD,53
2026-04-01T23:36:33.291Z,5.3,19.8,2.5,1.7,BAD,53
2026-04-01T23:36:33.930Z,5,28.7,1.5,3.4,BAD,53
2026-04-01T23:36:34.371Z,0.3,27.7,4.4,1.4,BAD,53
2026-04-01T23:36:34.991Z,7.6,11.1,5.2,351.4,BAD,53
2026-04-01T23:36:35.571Z,1.9,15.4,4.5,346.7,BAD,53
2026-04-01T23:36:36.111Z,0.3,7.9,3.6,345.2,BAD,52
2026-04-01T23:36:36.671Z,3,12,4.1,346.8,BAD,52
2026-04-01T23:36:37.251Z,3,13.3,4.1,346.7,BAD,52
2026-04-01T23:36:37.811Z,0.9,10.6,3.4,346.7,BAD,52
2026-04-01T23:36:38.370Z,0.2,15.7,4.2,348.5,BAD,52
2026-04-01T23:36:39.450Z,3.9,15.7,3.7,352.3,BAD,52
2026-04-01T23:36:39.610Z,1.8,18.6,1.6,1.1,BAD,52
2026-04-01T23:36:40.112Z,0.2,19.4,1.5,0.6,BAD,52
2026-04-01T23:36:40.690Z,2.1,24,2.3,1.2,BAD,52
2026-04-01T23:36:41.391Z,2.8,19.3,2,3.4,BAD,51
2026-04-01T23:36:41.809Z,7.3,11.8,4.7,5.7,GOOD,52
2026-04-01T23:36:42.370Z,3,14.8,4.9,352.3,ADJUSTING,51
2026-04-01T23:36:42.931Z,3.4,15.2,5.3,352.6,ADJUSTING,51
2026-04-01T23:36:43.511Z,4,13.3,8.8,351.3,ADJUSTING,51
2026-04-01T23:36:44.091Z,4.9,13.3,9.1,351,ADJUSTING,51
2026-04-01T23:36:44.671Z,4.9,13.9,8.4,351.4,BAD,51
2026-04-01T23:36:45.231Z,8,13.7,8,351.6,BAD,51
2026-04-01T23:36:45.790Z,0.1,19.3,6.7,352.4,BAD,51
2026-04-01T23:36:46.350Z,6.1,13.6,4.3,352.9,BAD,51
2026-04-01T23:36:46.911Z,3.3,20.1,3.6,352.3,BAD,51
2026-04-01T23:36:47.511Z,3.3,12.9,1.2,351.1,BAD,51
2026-04-01T23:36:48.051Z,4.5,13.4,1.1,351,BAD,50
2026-04-01T23:36:48.611Z,2.1,20.6,3.1,350.5,BAD,50
2026-04-01T23:36:49.171Z,2.3,19.4,2.7,350.3,BAD,50
2026-04-01T23:36:49.752Z,4.7,14.7,2.2,350,BAD,50
2026-04-01T23:36:50.311Z,1,8.4,5.4,348.8,BAD,50
2026-04-01T23:36:51.171Z,3.1,12.8,5.6,6,GOOD,50
2026-04-01T23:36:51.571Z,1.5,6.1,5.1,6.4,GOOD,50
2026-04-01T23:36:52.071Z,0.3,7.6,3.8,353.1,ADJUSTING,50
2026-04-01T23:36:52.592Z,1,4.2,4.9,352.9,ADJUSTING,50
2026-04-01T23:36:53.150Z,0.6,7.2,4.6,351.5,ADJUSTING,50
2026-04-01T23:36:53.771Z,1.3,5,5.2,352.4,ADJUSTING,50
2026-04-01T23:36:54.292Z,1.4,6.6,5,352.3,BAD,50
2026-04-01T23:36:54.890Z,2.1,10.6,5.3,351.8,BAD,50
2026-04-01T23:36:55.450Z,1.5,15.4,5.1,352.1,BAD,50
2026-04-01T23:36:55.990Z,3.8,15.6,4.5,351.9,BAD,49
2026-04-01T23:36:56.569Z,2.7,13.3,3.6,352.2,BAD,49
2026-04-01T23:36:57.149Z,3.1,14.4,4.4,351.3,BAD,49
2026-04-01T23:36:57.691Z,0.7,14,2.9,350.8,BAD,49
2026-04-01T23:36:58.252Z,4.3,12.4,4.1,348.2,BAD,49
2026-04-01T23:36:58.811Z,1.8,7,2.8,348.3,BAD,49
2026-04-01T23:36:59.410Z,3.4,5.8,3.7,348.4,BAD,49
2026-04-01T23:37:00.511Z,2.3,7.6,4.5,348.7,BAD,49
2026-04-01T23:37:00.520Z,1.6,2.8,5.2,348.6,BAD,49
2026-04-01T23:37:01.072Z,2.6,4.9,4.1,346.9,BAD,49
2026-04-01T23:37:01.651Z,2.5,5.7,4.6,349.5,BAD,48
2026-04-01T23:37:02.210Z,3.6,12,3,350.8,BAD,48
2026-04-01T23:37:02.811Z,10.3,16.9,0.5,350.8,BAD,48
2026-04-01T23:37:03.370Z,6.8,10.8,1.4,350.8,BAD,48
2026-04-01T23:37:03.930Z,9.6,18.3,0.3,349.8,BAD,48
2026-04-01T23:37:04.469Z,1.1,10.2,2,350.5,BAD,48
2026-04-01T23:37:05.070Z,0.4,6,2,350,BAD,48
2026-04-01T23:37:05.590Z,0.9,8.5,3,348.5,BAD,48
2026-04-01T23:37:06.131Z,0.9,4,1.9,349.6,BAD,48
2026-04-01T23:37:06.709Z,2.8,7.8,2.1,350,BAD,48
2026-04-01T23:37:07.291Z,4.3,11.3,3.5,350,BAD,48
2026-04-01T23:37:07.850Z,2.1,12.3,3.1,350.4,BAD,47
2026-04-01T23:37:08.390Z,1.1,11.8,3.7,350.4,BAD,47
2026-04-01T23:37:09.049Z,0.2,3.9,2.6,351,BAD,47
2026-04-01T23:37:09.610Z,0.9,11.6,3.2,351.1,BAD,47
2026-04-01T23:37:10.170Z,1.3,12.3,3.4,351.1,BAD,47
2026-04-01T23:37:10.692Z,1.3,6.9,2.7,351.5,BAD,47
2026-04-01T23:37:11.330Z,0.6,6.9,2.2,350.2,BAD,47
2026-04-01T23:37:12.110Z,2.1,14.3,2.4,3.2,GOOD,47
2026-04-01T23:37:12.450Z,0,14.9,2.4,1.4,GOOD,47
2026-04-01T23:37:12.951Z,0.1,15.1,1.7,1.8,ADJUSTING,47
2026-04-01T23:37:13.551Z,0.3,16.9,1.7,1.7,ADJUSTING,47
2026-04-01T23:37:14.151Z,0.1,16,2.3,2.4,ADJUSTING,47
2026-04-01T23:37:14.710Z,0.5,16,2.4,1.8,ADJUSTING,47
2026-04-01T23:37:15.290Z,0.6,16.2,2.5,2.3,BAD,47
2026-04-01T23:37:15.851Z,1.9,17,2.6,2,BAD,47
2026-04-01T23:37:16.430Z,1.8,12.7,2,3,GOOD,47
2026-04-01T23:37:17.050Z,0.2,13.7,2.5,3.4,GOOD,47
2026-04-01T23:37:17.530Z,0.1,13.6,2.6,3.4,GOOD,47
2026-04-01T23:37:18.091Z,0.1,14.3,2.2,3.4,GOOD,47
2026-04-01T23:37:18.670Z,0.1,14.2,2.4,3.4,GOOD,47
2026-04-01T23:37:19.210Z,0.2,14.8,2.6,3.1,GOOD,47
2026-04-01T23:37:19.789Z,0,14.4,2.6,3.2,GOOD,47
2026-04-01T23:37:20.369Z,0.1,14.2,2.2,3.5,GOOD,47
2026-04-01T23:37:20.909Z,0.2,14.1,2.7,3,GOOD,47
2026-04-01T23:37:21.509Z,0,14.2,2.4,3.1,GOOD,48
2026-04-01T23:37:22.049Z,0,14.2,2.6,3.5,GOOD,48
2026-04-01T23:37:22.589Z,0.2,14.5,2.9,2.7,GOOD,48
2026-04-01T23:37:23.149Z,0.3,14.1,2.7,3.4,GOOD,48
2026-04-01T23:37:23.729Z,1.2,15.2,2.4,3.2,ADJUSTING,48
2026-04-01T23:37:24.290Z,0.1,14.9,2.9,2.9,GOOD,48
2026-04-01T23:37:24.849Z,0.2,13.8,2.9,3.6,GOOD,48
2026-04-01T23:37:25.429Z,0,14.2,2.7,2.8,GOOD,48
2026-04-01T23:37:25.969Z,0.3,14.8,2.4,3,GOOD,48
2026-04-01T23:37:26.569Z,0,15.3,2.6,2.8,ADJUSTING,48
2026-04-01T23:37:27.149Z,0,14.6,2.9,2.4,GOOD,48
2026-04-01T23:37:27.729Z,0.2,14.9,3.2,3.2,GOOD,48
2026-04-01T23:37:28.269Z,0.4,15,3,3,ADJUSTING,48
2026-04-01T23:37:28.809Z,0.3,14.7,2.8,2.9,GOOD,48
2026-04-01T23:37:29.370Z,0.1,14.6,3.1,2.9,GOOD,48
2026-04-01T23:37:29.950Z,0.1,15.3,2.8,2.8,ADJUSTING,48
2026-04-01T23:37:30.570Z,0.4,15.3,2.7,3.2,ADJUSTING,48
2026-04-01T23:37:31.130Z,0.3,14.7,3,3.1,GOOD,48
2026-04-01T23:37:31.670Z,0,14.7,2.6,3.2,GOOD,48
2026-04-01T23:37:32.209Z,0,14.2,2.9,3,GOOD,48
2026-04-01T23:37:32.771Z,0.4,14.2,2.7,3.6,GOOD,48
2026-04-01T23:37:33.390Z,0.2,14.4,3.4,3.3,GOOD,49
2026-04-01T23:37:33.891Z,0,14.4,2.6,3.5,GOOD,49
2026-04-01T23:37:34.529Z,0,14.5,2.7,2.8,GOOD,49
2026-04-01T23:37:35.051Z,0,14.3,2.7,2.5,GOOD,49
2026-04-01T23:37:35.610Z,0.6,14.7,2.4,2.5,GOOD,49
2026-04-01T23:37:36.150Z,0.4,15.1,2.9,2.9,ADJUSTING,49
2026-04-01T23:37:36.729Z,0.3,14.9,2.5,3,GOOD,49
2026-04-01T23:37:37.311Z,0.1,14.4,3.2,2.8,GOOD,49
2026-04-01T23:37:37.850Z,0.2,14.8,3,3.1,GOOD,49
2026-04-01T23:37:38.409Z,0,14.6,3.1,3.1,GOOD,49
2026-04-01T23:37:38.969Z,0.2,14.4,2.6,3.2,GOOD,49
2026-04-01T23:37:39.550Z,0.1,15.2,2.8,2.8,ADJUSTING,49
2026-04-01T23:37:40.130Z,0.3,14.2,2.7,3.5,GOOD,49
2026-04-01T23:37:40.690Z,0.1,14.7,2.8,3.3,GOOD,49
2026-04-01T23:37:41.250Z,0,14.5,2.7,3.2,GOOD,49
2026-04-01T23:37:41.790Z,0.1,14.4,2.9,3.5,GOOD,50
2026-04-01T23:37:42.412Z,0.2,14,2.6,3.6,GOOD,50
2026-04-01T23:37:43.070Z,0.3,14.1,3.2,3.9,GOOD,50
2026-04-01T23:37:43.530Z,0.4,14.1,2.7,4,GOOD,50
2026-04-01T23:37:44.090Z,0.1,14.6,2.9,3.8,GOOD,50
2026-04-01T23:37:44.670Z,0.2,14.4,2.8,3.3,GOOD,50
2026-04-01T23:37:45.230Z,0.1,14.4,3.2,3.7,GOOD,50
2026-04-01T23:37:45.810Z,0.3,13.7,3,5.5,GOOD,50
2026-04-01T23:37:46.509Z,0.1,11.4,3.1,350.8,ADJUSTING,50
2026-04-01T23:37:47.069Z,0.3,10.8,2.8,348.9,ADJUSTING,50
2026-04-01T23:37:47.689Z,0.4,10.7,2.8,348.8,ADJUSTING,50
2026-04-01T23:37:48.150Z,0.4,10.1,2.7,348.9,ADJUSTING,50
2026-04-01T23:37:49.070Z,0.3,10.9,3,349.4,BAD,50
2026-04-01T23:37:49.291Z,3.3,7.6,2.7,349.9,BAD,50
2026-04-01T23:37:49.850Z,0.2,18.3,3,2.2,BAD,50
2026-04-01T23:37:50.388Z,0.3,17.5,3.4,2.7,BAD,49
2026-04-01T23:37:50.969Z,3.4,15.1,3.1,2.4,BAD,49
2026-04-01T23:37:51.510Z,0.1,18.3,3.3,2.6,BAD,49
2026-04-01T23:37:52.071Z,1.4,19.4,3.2,3,BAD,49
2026-04-01T23:37:52.650Z,2,12.4,2.6,2.7,GOOD,49
2026-04-01T23:37:53.251Z,1,15.3,3.5,4.2,ADJUSTING,49
2026-04-01T23:37:53.790Z,1,15.3,3.1,4.1,ADJUSTING,49
2026-04-01T23:37:54.349Z,0.7,15.3,2.9,3.7,ADJUSTING,49
2026-04-01T23:37:54.950Z,0.6,15.4,3.2,3.6,ADJUSTING,49
2026-04-01T23:37:55.510Z,1.1,15.7,3.1,3.4,BAD,49
2026-04-01T23:37:56.050Z,0.4,13,2.9,3.2,GOOD,49
2026-04-01T23:37:56.629Z,0.5,16,2.9,3.1,ADJUSTING,49
2026-04-01T23:37:57.190Z,0.6,15.8,3,2.8,ADJUSTING,49
2026-04-01T23:37:57.790Z,0.2,16,2.9,3.1,ADJUSTING,49
2026-04-01T23:37:58.349Z,0.7,16,2.8,2.6,ADJUSTING,49
2026-04-01T23:37:58.930Z,0.5,16.1,2.8,2.7,BAD,49
2026-04-01T23:37:59.470Z,3.2,15.7,3,2.2,BAD,48
2026-04-01T23:38:00.030Z,0.3,18.6,3.5,3.1,BAD,48
2026-04-01T23:38:00.609Z,2,18.3,3.3,6.1,BAD,48
2026-04-01T23:38:01.150Z,3,19.3,3.8,4.7,BAD,48
2026-04-01T23:38:01.771Z,2.6,17.8,3.4,4.9,BAD,48
2026-04-01T23:38:02.370Z,3.1,9.4,1.9,6.2,GOOD,48
2026-04-01T23:38:02.890Z,0.5,12.9,2.7,353.4,ADJUSTING,48
2026-04-01T23:38:03.531Z,0.8,12.9,2.9,6,GOOD,48
2026-04-01T23:38:04.029Z,0.9,12.7,3,353.1,ADJUSTING,48
2026-04-01T23:38:04.551Z,0.7,13.2,2.9,6.3,GOOD,48
2026-04-01T23:38:05.208Z,0.6,13.1,2.9,353.2,ADJUSTING,48
2026-04-01T23:38:05.749Z,0.7,13.7,3.1,6.3,GOOD,48
2026-04-01T23:38:06.290Z,0.6,13.1,2.7,353.2,ADJUSTING,48
2026-04-01T23:38:06.830Z,0.6,13.2,3.1,353.2,ADJUSTING,48
2026-04-01T23:38:07.428Z,0.6,13.2,3,353,ADJUSTING,48
2026-04-01T23:38:08.010Z,0.4,13.4,3.1,5.9,GOOD,48
2026-04-01T23:38:08.589Z,0.3,13.3,3,6.1,GOOD,48
2026-04-01T23:38:09.150Z,0.4,13.5,2.8,6.2,GOOD,48
2026-04-01T23:38:09.671Z,1.1,13.7,3.1,5.8,GOOD,48
2026-04-01T23:38:10.231Z,0.7,13.8,3.1,6.3,GOOD,48
2026-04-01T23:38:10.790Z,0.5,13.9,2.9,6.4,GOOD,48
2026-04-01T23:38:11.430Z,0,14.3,2.6,6.3,GOOD,49
2026-04-01T23:38:12.010Z,0.7,14.5,3.4,6.2,GOOD,49
2026-04-01T23:38:12.490Z,0.9,14,3.1,6.1,GOOD,49
2026-04-01T23:38:13.070Z,0.7,14.7,3.1,5.9,GOOD,49
2026-04-01T23:38:13.629Z,0.5,14.5,3,5.7,GOOD,49
2026-04-01T23:38:14.229Z,0.5,14.7,2.8,5.9,GOOD,49
2026-04-01T23:38:14.731Z,0.4,13.9,2.2,6.3,GOOD,49
2026-04-01T23:38:15.409Z,0.4,14,2.9,353.3,ADJUSTING,49
2026-04-01T23:38:15.971Z,0.6,14.1,3.3,5.6,GOOD,49
2026-04-01T23:38:16.493Z,0,13.3,3.2,6.2,GOOD,49
2026-04-01T23:38:17.110Z,0.7,14,3.5,6.5,GOOD,49
2026-04-01T23:43:18.466Z,1.1,14.1,2.7,4.4,GOOD,0
2026-04-01T23:43:18.986Z,1.3,13.8,3.2,4,GOOD,0
2026-04-01T23:43:19.567Z,1.3,13.9,3.4,4,GOOD,0
2026-04-01T23:43:20.125Z,1.6,14,3.1,4,GOOD,0
2026-04-01T23:43:20.687Z,1.3,13.6,3.3,4.1,GOOD,0
2026-04-01T23:43:21.263Z,1.9,13.9,3.6,4.1,GOOD,0
2026-04-01T23:43:21.810Z,1.3,13.8,3.5,4.2,GOOD,0
2026-04-01T23:43:22.366Z,1.4,14,3.3,4.1,GOOD,0
2026-04-01T23:43:22.925Z,1.5,14,3.3,3.7,GOOD,0
2026-04-01T23:43:23.486Z,1.6,14,3.6,4,GOOD,0
2026-04-01T23:43:24.047Z,1.6,13.9,3.2,4,GOOD,0
2026-04-01T23:43:24.606Z,1.6,13.9,4,3.9,GOOD,0
2026-04-01T23:43:25.191Z,1.6,14.2,3.1,3.6,GOOD,0
2026-04-01T23:43:25.746Z,1.7,14.2,3.6,3.7,GOOD,0
2026-04-01T23:43:26.347Z,1.6,14,3.1,4.1,GOOD,0
2026-04-01T23:43:26.867Z,1.5,14.2,3.3,3.9,GOOD,0
2026-04-01T23:43:27.406Z,1.5,14.1,3.5,4.2,GOOD,0
2026-04-01T23:43:27.987Z,1.6,13.7,3.5,3.8,GOOD,0
2026-04-01T23:43:28.546Z,1.7,13.8,3.5,3.8,GOOD,0
2026-04-01T23:43:29.106Z,1.6,14.2,3.4,4,GOOD,0
2026-04-01T23:43:29.665Z,1.3,14.1,3.5,3.9,GOOD,0
2026-04-01T23:43:30.206Z,1.6,14.3,3.6,3.9,GOOD,0
2026-04-01T23:43:30.766Z,1.7,14,3.6,4.3,GOOD,0
2026-04-01T23:43:31.346Z,1.3,13.8,3.2,3.6,GOOD,0
2026-04-01T23:43:31.946Z,1.6,14.2,3.6,4,GOOD,1
2026-04-01T23:43:32.446Z,1.4,14,3.2,3.5,GOOD,1
2026-04-01T23:43:33.026Z,1.4,14,3.8,3.7,GOOD,1
2026-04-01T23:43:33.567Z,1.4,14.1,3.3,4.6,GOOD,1
2026-04-01T23:43:34.147Z,1.5,14,3.7,3.7,GOOD,1
2026-04-01T23:43:34.746Z,1.1,14.2,3.3,3.9,GOOD,1
2026-04-01T23:43:35.247Z,1.4,14.5,3.3,4.2,GOOD,1
2026-04-01T23:43:35.806Z,1.4,14.6,3.7,3.7,GOOD,1
2026-04-01T23:43:36.386Z,1.2,14.5,3.3,3.5,GOOD,1
2026-04-01T23:43:36.947Z,0.1,15.8,3.7,4.6,ADJUSTING,1
2026-04-01T23:43:37.526Z,1.9,13.5,4.1,3.8,GOOD,1
2026-04-01T23:43:38.086Z,1.5,14.3,4,4.4,GOOD,1
2026-04-01T23:43:38.626Z,1.2,14.4,3.4,3.8,GOOD,1
2026-04-01T23:43:39.185Z,1,14.7,3.5,3.4,GOOD,2
2026-04-01T23:43:39.766Z,1,14.7,2.8,3.9,GOOD,2
2026-04-01T23:43:40.331Z,1.6,14.4,3.7,3.7,GOOD,2
2026-04-01T23:43:40.866Z,1.3,14.6,3.2,3.7,GOOD,2
2026-04-01T23:43:41.426Z,1.6,14.9,3.5,3.9,GOOD,2
2026-04-01T23:43:41.986Z,1.8,14.3,3.7,4.1,GOOD,2
2026-04-01T23:43:42.546Z,1.7,14.6,3.3,3.9,GOOD,2
2026-04-01T23:43:43.106Z,1.2,14.7,3,3.9,GOOD,2
2026-04-01T23:43:43.685Z,1.4,14.1,3.6,3.7,GOOD,2
2026-04-01T23:43:44.246Z,1.4,14.3,3.3,3.6,GOOD,2
2026-04-01T23:43:44.806Z,0.7,14.8,3.1,3.6,GOOD,2
2026-04-01T23:43:45.386Z,1.3,15,3.2,3.6,ADJUSTING,2
2026-04-01T23:43:45.946Z,2,14.7,3.6,2.9,GOOD,2
2026-04-01T23:43:46.486Z,1.4,14.4,3.2,3.5,GOOD,2
2026-04-01T23:43:47.046Z,1.4,14.8,3.1,3.6,GOOD,3
2026-04-01T23:43:47.605Z,1.2,14.6,2.7,3.8,GOOD,3
2026-04-01T23:43:48.206Z,1.4,14.7,2.6,3.4,GOOD,3
2026-04-01T23:43:48.785Z,1.5,15.3,3.4,3.3,ADJUSTING,3
2026-04-01T23:43:49.327Z,1.1,14.8,3.1,3.4,GOOD,3
2026-04-01T23:43:49.886Z,0.8,14.7,3.2,3.6,GOOD,3
2026-04-01T23:43:50.466Z,1,14.5,3.1,3.3,GOOD,3
2026-04-01T23:43:51.026Z,1.1,14.9,3.6,3.5,GOOD,3
2026-04-01T23:43:51.646Z,1.3,14.1,3.1,3.1,GOOD,3
2026-04-01T23:43:52.206Z,1.4,14.4,3.3,3.7,GOOD,3
2026-04-01T23:43:52.787Z,1.1,14.7,2.9,3.3,GOOD,3
2026-04-01T23:43:53.306Z,1.9,14.5,3.8,3.4,GOOD,3
2026-04-01T23:43:53.866Z,1.7,14.5,3.5,3.5,GOOD,3
2026-04-01T23:43:54.427Z,1.9,14.7,3.1,3.6,GOOD,3
2026-04-01T23:43:54.987Z,0.9,14.7,4.3,3.6,GOOD,4
2026-04-01T23:43:55.545Z,2.2,14.7,3.1,5.1,GOOD,4
2026-04-01T23:43:56.106Z,1.8,13.9,3.1,5.6,GOOD,4
2026-04-01T23:43:56.666Z,1.7,11.7,3.5,6.4,GOOD,4
2026-04-01T23:43:57.265Z,1.7,13,3.5,353.4,ADJUSTING,4
2026-04-01T23:43:57.826Z,1,13.7,2.8,5.8,GOOD,4
2026-04-01T23:43:58.366Z,0.7,15,2.9,4,ADJUSTING,4
2026-04-01T23:43:58.926Z,0.9,14.5,2.4,4.3,GOOD,4
2026-04-01T23:43:59.485Z,0.9,14.1,3.2,4.1,GOOD,4
2026-04-01T23:44:00.085Z,2.5,13.5,3.8,4.8,GOOD,4
2026-04-01T23:44:00.667Z,2.2,14.2,4,5,GOOD,4
2026-04-01T23:44:01.226Z,1.5,14.1,3.2,5.9,GOOD,4
2026-04-01T23:44:01.787Z,2.1,15.2,2.5,4.7,ADJUSTING,4
2026-04-01T23:44:02.326Z,0.8,15.3,2.2,4.8,ADJUSTING,4
2026-04-01T23:44:02.886Z,1.3,14.8,2.9,4,GOOD,4
2026-04-01T23:44:03.447Z,1.6,14.7,3.2,4,GOOD,4
2026-04-01T23:44:04.006Z,1.4,15.2,2.9,3.6,ADJUSTING,4
2026-04-01T23:44:04.565Z,1.2,14.8,2.8,3.6,GOOD,4
2026-04-01T23:44:05.146Z,1.1,15,2.5,3.6,ADJUSTING,4
2026-04-01T23:44:05.706Z,1.7,15,3,3.6,GOOD,5
2026-04-01T23:44:06.267Z,1.7,15.3,2.9,3.9,ADJUSTING,4
2026-04-01T23:44:06.846Z,1.1,14.8,2.7,3.7,GOOD,5
2026-04-01T23:44:07.407Z,1.1,15,3.1,3.8,ADJUSTING,5
2026-04-01T23:44:07.986Z,1.6,15.2,2.9,3.9,ADJUSTING,5
2026-04-01T23:44:08.547Z,1.1,15.2,2.8,3.4,ADJUSTING,5
2026-04-01T23:44:09.126Z,1.5,15.3,3.1,3.8,ADJUSTING,5
2026-04-01T23:44:09.687Z,2,15.4,2.8,4,BAD,5
2026-04-01T23:44:10.247Z,2.4,15.5,3.1,3.2,BAD,5
2026-04-01T23:44:10.826Z,6,12,2.3,3.8,GOOD,5
2026-04-01T23:44:11.385Z,1.4,15.2,3.1,4,ADJUSTING,5
2026-04-01T23:44:11.926Z,1.7,14.6,2.7,3.6,GOOD,5
2026-04-01T23:44:12.488Z,1.4,15,3.4,3.5,GOOD,5
2026-04-01T23:44:13.045Z,1.7,14.8,2.6,3.7,GOOD,5
2026-04-01T23:44:13.627Z,1,14.2,2.9,3.4,GOOD,5
2026-04-01T23:44:14.186Z,1.1,13.7,2.8,5,GOOD,5
2026-04-01T23:44:14.725Z,0.7,13.1,2.8,5.6,GOOD,5
2026-04-01T23:44:15.286Z,0,12.7,2.7,6.3,GOOD,5
2026-04-01T23:44:15.845Z,0,12.9,2.3,5.3,GOOD,5
2026-04-01T23:44:16.406Z,0.3,13.5,2.4,4.4,GOOD,5
2026-04-01T23:44:16.965Z,0.1,13.7,2,4.4,GOOD,5
2026-04-01T23:44:17.545Z,0.4,13.4,2,4.4,GOOD,5
2026-04-01T23:44:18.126Z,0.1,13.5,2.6,4.3,GOOD,6
2026-04-01T23:44:18.785Z,0.1,14.1,3.3,4,GOOD,6
2026-04-01T23:44:19.205Z,0.3,12.4,3.4,4.5,GOOD,6
2026-04-01T23:44:19.765Z,0,13.2,2.5,4.4,GOOD,6
2026-04-01T23:44:20.326Z,0.4,14.2,2.5,3.9,GOOD,6
2026-04-01T23:44:20.886Z,0.4,13.8,2.1,3.7,GOOD,6
2026-04-01T23:44:21.467Z,0.2,13.8,2.5,3.5,GOOD,6
2026-04-01T23:44:22.006Z,0.1,13.8,2.6,3.8,GOOD,6
2026-04-01T23:44:22.566Z,0.8,13.6,2.1,3.3,GOOD,6
2026-04-01T23:44:23.186Z,0.8,9.7,4,3.5,GOOD,6
2026-04-01T23:44:23.745Z,1.1,12.7,1.9,4.4,GOOD,6
2026-04-01T23:44:24.307Z,1.4,13.6,1.6,3.8,GOOD,6
2026-04-01T23:44:24.866Z,1.5,13.3,2.4,4.1,GOOD,6
2026-04-01T23:44:25.465Z,0.9,13.3,2.3,4.3,GOOD,6
2026-04-01T23:44:26.026Z,0.6,13.2,2.2,4.2,GOOD,7
2026-04-01T23:44:26.586Z,0.8,14.2,2.4,4.3,GOOD,7
2026-04-01T23:44:27.166Z,0.9,14.1,2.6,3.9,GOOD,7
2026-04-01T23:44:27.725Z,1.1,14,2.1,4.4,GOOD,7
2026-04-01T23:44:28.286Z,0.8,13.6,1.7,4.1,GOOD,7
2026-04-01T23:44:28.827Z,0.5,13.5,2.8,4.8,GOOD,7
2026-04-01T23:44:29.386Z,0.4,13.8,2,4.2,GOOD,7
2026-04-01T23:44:29.947Z,0,13.5,2.5,4.5,GOOD,7
2026-04-01T23:44:30.506Z,0.5,13.6,2.4,4.5,GOOD,7
2026-04-01T23:44:31.086Z,0.5,13.6,2.2,4.4,GOOD,7
2026-04-01T23:44:31.645Z,0.6,14,2.5,4.6,GOOD,7
2026-04-01T23:44:32.206Z,1,13.4,1.8,4.1,GOOD,7
2026-04-01T23:44:32.785Z,0.9,13.8,2.1,4.4,GOOD,7
2026-04-01T23:44:33.326Z,0.8,13.9,2.2,4.2,GOOD,7
2026-04-01T23:44:33.906Z,1.2,14,2,4.5,GOOD,7
2026-04-01T23:44:34.466Z,0.8,14.1,2.1,4.2,GOOD,8
2026-04-01T23:44:35.004Z,1.4,14.3,2.3,4.7,GOOD,8
2026-04-01T23:44:35.566Z,1.1,14.1,1.4,4.1,GOOD,8
2026-04-01T23:44:36.166Z,1.2,14.3,1.4,4.1,GOOD,8
2026-04-01T23:44:36.685Z,0.4,13.4,2.7,3.9,GOOD,8
2026-04-01T23:44:37.306Z,0.8,13.9,2,4.1,GOOD,8
2026-04-01T23:44:37.807Z,1.1,13.6,2.1,4,GOOD,8
2026-04-01T23:44:38.385Z,1.3,13.8,1.7,3.8,GOOD,8
2026-04-01T23:44:38.945Z,1.5,13,0.5,5,GOOD,8
2026-04-01T23:44:39.506Z,0.8,13.8,2.4,4.8,GOOD,8
2026-04-01T23:44:40.066Z,0.6,12.6,2.4,4.6,GOOD,8
2026-04-01T23:44:40.608Z,1.2,13.5,3.3,4.2,GOOD,8
2026-04-01T23:44:41.165Z,0.6,13.7,2.7,4.4,GOOD,8
2026-04-01T23:44:41.725Z,0.5,13.6,3,5.2,GOOD,8
2026-04-01T23:44:42.284Z,1.4,13,3.4,3.9,GOOD,9
2026-04-01T23:44:42.844Z,0.3,13.2,2.3,3.5,GOOD,9
2026-04-01T23:44:43.406Z,0.7,13.5,1.9,3.7,GOOD,9
2026-04-01T23:44:43.999Z,0.6,13.1,2.3,3.9,GOOD,9
2026-04-01T23:44:44.565Z,0.3,13.6,2.5,4.1,GOOD,9
2026-04-01T23:44:45.085Z,0.4,13.6,2,4,GOOD,9
2026-04-01T23:44:45.644Z,0.7,13.9,1.9,3.6,GOOD,9
2026-04-01T23:44:46.244Z,0.4,13.7,2,3.2,GOOD,9
2026-04-01T23:44:46.784Z,0.6,13.8,2.2,4,GOOD,9
2026-04-01T23:44:47.325Z,0.7,14,2.4,3.5,GOOD,9
2026-04-01T23:44:47.884Z,0.8,14,2.5,3.9,GOOD,9
2026-04-01T23:44:48.446Z,0.7,14.3,2.4,3.7,GOOD,9
2026-04-01T23:44:49.004Z,0.8,14.5,2.1,3.6,GOOD,9
2026-04-01T23:44:49.584Z,0.3,14.2,2.4,3.7,GOOD,9
2026-04-01T23:44:50.124Z,0.6,14.3,2.1,3.6,GOOD,9
2026-04-01T23:44:50.684Z,0.7,14.2,2.2,3.7,GOOD,10
2026-04-01T23:44:51.245Z,0.2,13.8,2.1,3.5,GOOD,10
2026-04-01T23:44:51.826Z,0.3,14.1,2.3,3.8,GOOD,10
2026-04-01T23:44:52.426Z,0.6,14.3,2.2,3.6,GOOD,10
2026-04-01T23:44:52.945Z,0.2,14.2,2.5,3.4,GOOD,10
2026-04-01T23:44:53.506Z,0.6,14.7,2,4,GOOD,10
2026-04-01T23:44:54.085Z,0.7,14.5,1.8,3.1,GOOD,10
2026-04-01T23:44:54.646Z,0.2,14.1,2.6,3.7,GOOD,10
2026-04-01T23:44:55.185Z,0.1,14.1,2.7,3.5,GOOD,10
2026-04-01T23:44:55.785Z,0.3,14.3,2.8,3.9,GOOD,10
2026-04-01T23:44:56.326Z,0.1,14.4,2.5,4.2,GOOD,10
2026-04-01T23:44:56.885Z,0.3,14.2,2.4,4.2,GOOD,10
2026-04-01T23:44:57.445Z,0.1,13.9,2.9,3.6,GOOD,10
2026-04-01T23:44:58.006Z,0.5,11.9,2.8,4.1,GOOD,10
2026-04-01T23:44:58.625Z,0.2,13.9,1.5,3.4,GOOD,10
2026-04-01T23:44:59.224Z,0.8,15.6,2,3.6,ADJUSTING,10
2026-04-01T23:44:59.825Z,0.8,14.9,2.3,3.6,GOOD,11
2026-04-01T23:45:00.366Z,0.7,15.6,2.1,3.4,ADJUSTING,11
2026-04-01T23:45:00.945Z,0.9,15.1,2,3.4,ADJUSTING,10
2026-04-01T23:45:01.506Z,0.8,14.9,2.3,3.7,GOOD,11
2026-04-01T23:45:02.064Z,0.4,14.8,2.4,3.6,GOOD,11
2026-04-01T23:45:02.645Z,0.6,15.2,1.8,3.4,ADJUSTING,11
2026-04-01T23:45:03.206Z,0.2,15,2.7,3.3,GOOD,11
2026-04-01T23:45:03.805Z,0.3,15.2,2.6,3.5,ADJUSTING,11
2026-04-01T23:45:04.345Z,0.2,15.2,2.7,3.6,ADJUSTING,11
2026-04-01T23:45:04.925Z,0.2,15.3,1.8,3.7,ADJUSTING,11
2026-04-01T23:45:05.485Z,0.4,14.8,2.7,4.1,GOOD,11
2026-04-01T23:45:06.045Z,1.1,14.6,2.3,3.4,GOOD,11
2026-04-01T23:45:06.604Z,0.6,14.3,2.5,3.2,GOOD,11
2026-04-01T23:45:07.164Z,0.3,14.7,3,3.1,GOOD,11
2026-04-01T23:45:07.746Z,0.3,13.9,2.5,3.3,GOOD,11
2026-04-01T23:45:08.305Z,0.3,15.6,2,5,ADJUSTING,11
2026-04-01T23:45:08.885Z,0.2,15,2.4,3.6,ADJUSTING,11
2026-04-01T23:45:09.464Z,0.4,15.2,2.3,3.1,ADJUSTING,11
2026-04-01T23:45:10.026Z,1.2,14.2,3.4,3.5,GOOD,11
2026-04-01T23:45:10.645Z,0.8,14.9,2.8,3.1,GOOD,11
2026-04-01T23:45:11.159Z,0.3,14.7,2.2,3.5,GOOD,11
2026-04-01T23:45:11.705Z,0.9,15,2.2,2.9,GOOD,11
2026-04-01T23:45:12.264Z,1,14.8,3.2,3.5,GOOD,11
2026-04-01T23:45:12.865Z,0.9,15.1,2.5,3.2,ADJUSTING,11
2026-04-01T23:45:13.425Z,0.1,15,2.7,3.5,GOOD,11
2026-04-01T23:45:13.965Z,2.2,13.9,3.5,3.9,GOOD,11
2026-04-01T23:45:14.525Z,0.3,13.9,2.8,3.2,GOOD,11
2026-04-01T23:45:15.107Z,0.6,14.4,2.6,3.7,GOOD,12
2026-04-01T23:45:15.647Z,0.2,14.7,3,3.5,GOOD,12
2026-04-01T23:45:16.225Z,1,14.6,2.9,3.1,GOOD,12
2026-04-01T23:45:16.786Z,1.9,12.3,2.7,5.7,GOOD,12
2026-04-01T23:45:17.345Z,2.7,12.7,3,5.3,GOOD,12
2026-04-01T23:45:17.905Z,3.3,12.3,4.5,3.7,GOOD,12
2026-04-01T23:45:18.465Z,1.8,11.1,4.1,5.3,GOOD,12
2026-04-01T23:45:19.025Z,2.7,13.8,2.7,5.2,GOOD,12
2026-04-01T23:45:19.585Z,4.5,13.6,4.5,4.4,GOOD,12
2026-04-01T23:45:20.185Z,4,13.3,1.5,4.1,GOOD,12
2026-04-01T23:45:20.744Z,3.8,14,4.8,4,GOOD,12
2026-04-01T23:45:21.305Z,3.9,13.8,4.3,3.9,GOOD,12
2026-04-01T23:45:21.846Z,3.5,13.7,3.5,2.9,GOOD,12
2026-04-01T23:45:22.405Z,3.8,15,3.7,4.3,GOOD,12
2026-04-01T23:45:22.965Z,3.7,14.2,3.2,4.7,GOOD,12
2026-04-01T23:45:23.525Z,4,13.8,3.7,4.8,GOOD,12
2026-04-01T23:45:24.085Z,3.6,13.6,3.7,3.9,GOOD,13
2026-04-01T23:45:24.665Z,4,13.4,3.6,4.3,GOOD,13
2026-04-01T23:45:25.226Z,4.5,13.9,4.1,3.6,GOOD,13
2026-04-01T23:45:25.805Z,3.5,13.5,3.6,4,GOOD,13
2026-04-01T23:45:26.345Z,4.4,14,4.3,4,GOOD,13
2026-04-01T23:45:26.924Z,4.3,13.8,3.9,4,GOOD,13
2026-04-01T23:45:27.485Z,4.7,13.3,5.6,5,GOOD,13
2026-04-01T23:45:28.025Z,3.9,14.3,3.7,3.5,GOOD,13
2026-04-01T23:45:28.685Z,4,14,3.7,3.5,GOOD,13
2026-04-01T23:45:29.165Z,4.5,14.4,4.8,3.4,GOOD,13
2026-04-01T23:45:29.725Z,4.9,14,4.7,3.7,GOOD,13
2026-04-01T23:45:30.286Z,4.7,14.7,3.4,3.7,GOOD,13
2026-04-01T23:45:30.845Z,4.9,14.7,4.1,3,GOOD,13
2026-04-01T23:45:31.405Z,5.5,13.7,5.5,3.4,GOOD,13
2026-04-01T23:45:32.065Z,4.3,14.7,3.5,3.5,GOOD,13
2026-04-01T23:45:32.585Z,5.5,13.3,5.2,3.2,GOOD,13
2026-04-01T23:45:33.145Z,4.3,13.7,3.7,3.5,GOOD,13
2026-04-01T23:45:33.706Z,4.2,12.8,3.5,3.7,GOOD,14
2026-04-01T23:45:34.265Z,2.7,14.1,3.2,3.7,GOOD,14
2026-04-01T23:45:34.865Z,3.9,13.3,3.6,3.5,GOOD,14
2026-04-01T23:45:35.465Z,4.1,14.8,2.8,3.4,GOOD,14
2026-04-01T23:45:36.004Z,3.4,14.7,3.3,2.6,GOOD,14
2026-04-01T23:45:36.566Z,4,13.1,4.1,4.3,GOOD,14
2026-04-01T23:45:37.125Z,3.8,13.5,3.6,4.3,GOOD,14
2026-04-01T23:45:37.686Z,3.6,14.7,3.2,3.6,GOOD,14
2026-04-01T23:45:38.245Z,3.3,14.7,3.4,3.2,GOOD,14
2026-04-01T23:45:38.806Z,3.8,14.2,3.8,3.4,GOOD,14
2026-04-01T23:45:39.385Z,4.6,13.9,4.1,3.7,GOOD,14
2026-04-01T23:45:39.945Z,3.9,14.8,3,3.2,GOOD,14
2026-04-01T23:45:40.525Z,4.7,13.3,4.3,3.4,GOOD,14
2026-04-01T23:45:41.065Z,4.6,12.9,4.2,3.6,GOOD,14
2026-04-01T23:45:41.625Z,3.6,12.1,3.9,3.1,GOOD,14
2026-04-01T23:45:42.205Z,5.3,12.8,4.9,4.7,GOOD,14
2026-04-01T23:45:42.765Z,3.4,13.7,4.4,3.3,GOOD,15
2026-04-01T23:45:43.345Z,2.8,14.6,2.7,4.1,GOOD,15
2026-04-01T23:45:43.885Z,3.8,14.5,3.4,4,GOOD,15
2026-04-01T23:45:44.443Z,2.5,15.2,2.6,4.7,ADJUSTING,15
2026-04-01T23:45:45.025Z,3.8,14.6,3.5,3.8,GOOD,15
2026-04-01T23:45:45.585Z,4.8,15.7,4,5.8,ADJUSTING,15
2026-04-01T23:45:46.185Z,5.1,15.6,4.4,3.8,ADJUSTING,15
2026-04-01T23:45:46.726Z,4.4,14.6,4.6,4.4,GOOD,15
2026-04-01T23:45:47.325Z,4.1,15.6,3.4,4.1,ADJUSTING,15
2026-04-01T23:45:47.864Z,4.6,16.6,3.8,4,ADJUSTING,15
2026-04-01T23:45:48.444Z,3.9,15.9,4,4,ADJUSTING,15
2026-04-01T23:45:49.025Z,3.8,17.3,3.5,4.3,ADJUSTING,15
2026-04-01T23:45:49.585Z,4.1,17.3,4.2,3.8,BAD,15
2026-04-01T23:45:50.145Z,9.2,14.9,3.2,4.2,GOOD,15
2026-04-01T23:45:50.724Z,4.4,17.4,3.3,4,ADJUSTING,15
2026-04-01T23:45:51.285Z,4.8,16,3.8,4.3,ADJUSTING,15
2026-04-01T23:45:51.865Z,4,16.3,4,4.1,ADJUSTING,15
2026-04-01T23:45:52.424Z,4.2,15.9,3.7,4.4,ADJUSTING,15
2026-04-01T23:45:52.985Z,3.6,16.5,3.3,4.5,BAD,15
2026-04-01T23:45:53.566Z,8.4,14.3,2.7,4.3,GOOD,15
2026-04-01T23:45:54.125Z,3.6,15.2,3.8,4.7,ADJUSTING,15
2026-04-01T23:45:54.703Z,3.6,15.4,3.7,4.4,ADJUSTING,15
2026-04-01T23:45:55.266Z,4.2,12.2,4.7,6.4,GOOD,15
2026-04-01T23:45:55.945Z,3.3,12.6,5,350.5,ADJUSTING,15
2026-04-01T23:45:56.404Z,2.7,11.7,5.4,6.3,GOOD,15
2026-04-01T23:45:56.985Z,2.5,12.1,4,352.2,ADJUSTING,15
2026-04-01T23:45:57.545Z,2.4,12.6,5.7,5.5,GOOD,15
2026-04-01T23:45:58.104Z,2.4,12.7,3.6,6,GOOD,15
2026-04-01T23:45:58.664Z,2.1,13.1,3.9,6,GOOD,15
2026-04-01T23:45:59.224Z,2.3,12.8,3.9,6.4,GOOD,15
2026-04-01T23:45:59.783Z,2.2,12.7,3.6,6.4,GOOD,15
2026-04-01T23:46:00.364Z,2.5,12.6,4,6,GOOD,15
2026-04-01T23:46:00.925Z,2.9,12.6,3.9,6,GOOD,15
2026-04-01T23:46:01.484Z,3,12.6,3.7,6,GOOD,15
2026-04-01T23:46:02.045Z,2.7,12.8,3.7,6.1,GOOD,15
2026-04-01T23:46:02.605Z,2.4,12.8,4.2,6.2,GOOD,15
2026-04-01T23:46:03.184Z,2.3,12.5,3.7,353.5,ADJUSTING,15
2026-04-01T23:46:03.745Z,2.6,13,4.2,6.3,GOOD,15
2026-04-01T23:46:04.304Z,2.4,13,4.2,5.9,GOOD,15
2026-04-01T23:46:04.864Z,2.7,12.7,3.8,6.3,GOOD,16
2026-04-01T23:46:05.485Z,2.9,12.8,3.7,6,GOOD,16
2026-04-01T23:46:06.045Z,2.7,12.7,3.9,6.5,GOOD,16
2026-04-01T23:46:06.605Z,2.1,13.8,4,5.9,GOOD,16
2026-04-01T23:46:07.164Z,2.5,13.9,3.6,5.7,GOOD,16
2026-04-01T23:46:07.725Z,2.3,13.9,3.8,5.7,GOOD,16
2026-04-01T23:46:08.285Z,2.4,14,3.9,5.9,GOOD,16
2026-04-01T23:46:08.865Z,2.5,14.1,3.6,5.6,GOOD,16
2026-04-01T23:46:09.443Z,2.5,13.8,3.9,6,GOOD,16
2026-04-01T23:46:10.006Z,2.7,13.9,4,5.6,GOOD,16
2026-04-01T23:46:10.584Z,2.7,14.1,3.8,5.3,GOOD,16
2026-04-01T23:46:11.145Z,2.3,13.8,3.6,5.9,GOOD,16
2026-04-01T23:46:11.724Z,2.8,13.9,4,6,GOOD,16
2026-04-01T23:46:12.286Z,2.5,14.4,3.9,5.8,GOOD,16
2026-04-01T23:46:12.843Z,2.7,14.2,3.7,5.3,GOOD,16
2026-04-01T23:46:13.405Z,2.7,14,3.6,5.5,GOOD,16
2026-04-01T23:46:13.964Z,2.5,13.5,3.6,5.1,GOOD,16
2026-04-01T23:46:14.524Z,2.3,13.6,3.8,5.1,GOOD,16
2026-04-01T23:46:15.085Z,3,14,3.6,5.1,GOOD,17
2026-04-01T23:46:15.645Z,2.4,13.3,3.6,5.4,GOOD,17
2026-04-01T23:46:16.224Z,2.4,13.5,4.1,5.6,GOOD,17
2026-04-01T23:46:16.784Z,2.6,13.9,3.6,6,GOOD,17
2026-04-01T23:46:17.345Z,2.4,13.6,3.3,6,GOOD,17
2026-04-01T23:46:17.904Z,2.5,13.7,3.7,5.6,GOOD,17
2026-04-01T23:46:18.464Z,2.9,13.8,4,5.7,GOOD,17
2026-04-01T23:46:19.024Z,2.9,13.5,3.8,5.1,GOOD,17
2026-04-01T23:46:19.584Z,3.1,13.4,3.7,5.2,GOOD,17
2026-04-01T23:46:20.164Z,2.4,12.8,4,5.5,GOOD,17
2026-04-01T23:46:20.723Z,2.8,14.6,3.6,5.6,GOOD,17
2026-04-01T23:46:21.284Z,3.4,14.8,3.9,5.3,GOOD,17
2026-04-01T23:46:21.845Z,3.4,13.5,4,5.8,GOOD,17
2026-04-01T23:46:22.425Z,2.7,14.2,3.5,5.6,GOOD,17
2026-04-01T23:46:22.963Z,3.2,12.8,3.3,5.5,GOOD,17
2026-04-01T23:46:23.524Z,3.3,13.1,3.7,5.6,GOOD,17
2026-04-01T23:46:24.084Z,2.6,13.9,3.1,5.5,GOOD,17
2026-04-01T23:46:24.664Z,3.8,13.5,4.3,5.3,GOOD,17
2026-04-01T23:46:25.225Z,2.8,14,4.8,3.6,GOOD,18
2026-04-01T23:46:25.784Z,3,13.5,4,5.6,GOOD,18
2026-04-01T23:46:26.344Z,3,14.2,4.3,5.5,GOOD,18
2026-04-01T23:46:26.904Z,3.4,14.7,3.7,5.2,GOOD,18
2026-04-01T23:46:27.464Z,3.4,14.2,3.6,5,GOOD,18
2026-04-01T23:46:28.045Z,3.3,15,3.3,5.5,ADJUSTING,18
2026-04-01T23:46:28.604Z,3.4,15,3.5,5,GOOD,18
2026-04-01T23:46:29.164Z,3.5,14.7,3.5,5,GOOD,18
2026-04-01T23:46:29.724Z,3,14.1,3.6,5.4,GOOD,18
2026-04-01T23:46:30.304Z,2.1,15.2,3.6,5.5,ADJUSTING,18
2026-04-01T23:46:30.864Z,3.5,14.3,3.8,4.8,GOOD,18
2026-04-01T23:46:31.444Z,3.3,15.4,3.4,5.1,ADJUSTING,18
2026-04-01T23:46:32.004Z,2.9,14.9,4.1,5.6,GOOD,18
2026-04-01T23:46:32.564Z,3.2,14.8,3.6,5.6,GOOD,18
2026-04-01T23:46:33.123Z,3.5,14.5,4.2,5.7,GOOD,18
2026-04-01T23:46:33.684Z,3.1,14.3,3.9,5.2,GOOD,18
2026-04-01T23:46:34.244Z,3.5,14.4,3.7,5.1,GOOD,18
2026-04-01T23:46:34.805Z,4.1,13.6,4.4,5.4,GOOD,18
2026-04-01T23:46:35.384Z,3.7,15,4.2,6,ADJUSTING,18
2026-04-01T23:46:35.944Z,3.8,14.7,4.4,5.9,GOOD,18
2026-04-01T23:46:36.504Z,3.8,14.7,3.7,5.7,GOOD,18
2026-04-01T23:46:37.084Z,2.5,14.6,2.9,5.4,GOOD,18
2026-04-01T23:46:37.644Z,2.6,15.5,3.8,5.5,ADJUSTING,18
2026-04-01T23:46:38.204Z,4.4,14.3,3.4,5.6,GOOD,18
2026-04-01T23:46:38.824Z,3.7,15,3.8,5.1,ADJUSTING,18
2026-04-01T23:46:39.404Z,3.3,15,3.8,5.4,ADJUSTING,18
2026-04-01T23:46:39.984Z,3.6,15.6,3.6,4.9,ADJUSTING,18
2026-04-01T23:46:40.544Z,3.3,14.7,3.8,5.7,GOOD,18
2026-04-01T23:46:41.104Z,3.8,13.7,4.5,5.5,GOOD,18
2026-04-01T23:46:41.664Z,3,14.1,4.1,5.4,GOOD,19
2026-04-01T23:46:42.244Z,3.2,15.1,4.6,3.8,ADJUSTING,19
2026-04-01T23:46:42.804Z,3.3,14.4,4.3,4.9,GOOD,19
2026-04-01T23:46:43.364Z,2.8,14.3,3.3,5.4,GOOD,19
2026-04-01T23:46:43.944Z,2.9,14.9,3.6,4.7,GOOD,19
2026-04-01T23:46:44.504Z,3.3,14.9,3.8,4.7,GOOD,19
2026-04-01T23:46:45.064Z,3.3,15.1,3.6,5.3,ADJUSTING,19
2026-04-01T23:46:45.624Z,3.5,14.9,3.8,5.4,GOOD,19
2026-04-01T23:46:46.244Z,3.8,14.9,3.7,4.4,GOOD,19
2026-04-01T23:46:46.844Z,4.1,15.6,3.7,4.7,ADJUSTING,19
2026-04-01T23:46:47.384Z,3.1,15.1,3.7,4.6,ADJUSTING,19
2026-04-01T23:46:47.944Z,3.3,14.9,4.2,4.6,GOOD,19
2026-04-01T23:46:48.524Z,3.3,15.2,4,4.8,ADJUSTING,19
2026-04-01T23:46:49.084Z,3.7,14.6,3.8,5.1,GOOD,19
2026-04-01T23:46:49.644Z,3.6,14.8,4.3,5.2,GOOD,19
2026-04-01T23:46:50.224Z,3.9,15.2,4.9,4.3,ADJUSTING,19
2026-04-01T23:46:50.805Z,5.5,13.1,4.4,5.2,GOOD,19
2026-04-01T23:46:51.364Z,4.3,15.1,5,3.9,ADJUSTING,19
2026-04-01T23:46:51.924Z,4.3,14.7,4.2,4.6,GOOD,19
2026-04-01T23:46:52.484Z,3.9,14.9,3.5,4.8,GOOD,19
2026-04-01T23:46:53.044Z,3.4,14.4,3.9,4.7,GOOD,19
2026-04-01T23:46:53.604Z,3.6,14.4,3.9,4.7,GOOD,19
2026-04-01T23:46:54.184Z,4,15.3,4.1,6.2,ADJUSTING,19
2026-04-01T23:46:54.744Z,4.3,14.5,4.2,5.1,GOOD,19
2026-04-01T23:46:55.304Z,3.7,13.1,3.6,5.7,GOOD,19
2026-04-01T23:46:55.884Z,4.5,15.1,3.9,4.5,ADJUSTING,19
2026-04-01T23:46:56.444Z,5.4,15,4.9,4.2,ADJUSTING,19
2026-04-01T23:46:57.024Z,4,17.5,1.9,4.8,ADJUSTING,19
2026-04-01T23:46:57.604Z,3.3,15.6,3.7,5.4,ADJUSTING,19
2026-04-01T23:46:58.164Z,3,14.5,3.9,4.9,GOOD,19
2026-04-01T23:46:58.724Z,2.8,13.3,4.2,5,GOOD,19
2026-04-01T23:46:59.283Z,4,14.5,4,5.6,GOOD,19
2026-04-01T23:46:59.863Z,4.3,16.1,3,6.1,ADJUSTING,19
2026-04-01T23:47:00.424Z,3.8,14.9,4.2,5.5,GOOD,19
2026-04-01T23:47:00.984Z,3.5,14.3,4,5,GOOD,19
2026-04-01T23:47:01.564Z,4.2,15.8,4.1,5,ADJUSTING,19
2026-04-01T23:47:02.122Z,4.2,15.1,4.2,5.4,ADJUSTING,19
2026-04-01T23:47:02.704Z,3.9,15.3,4,4.9,ADJUSTING,19
2026-04-01T23:47:03.284Z,4,16.1,3.8,5.2,ADJUSTING,19
2026-04-01T23:47:03.844Z,2.8,15.6,2.6,5,BAD,19
2026-04-01T23:47:04.405Z,6.4,13.6,3.2,4.3,GOOD,19
2026-04-01T23:47:04.964Z,2.8,15.7,3.5,4.5,ADJUSTING,19
2026-04-01T23:47:05.544Z,3.5,13.7,3.9,4.5,GOOD,19
2026-04-01T23:47:06.104Z,3.2,15,4.2,5.6,GOOD,20
2026-04-01T23:47:06.684Z,3.4,14.5,3.9,353.4,ADJUSTING,20
2026-04-01T23:47:07.242Z,3.2,15,3.9,353.5,ADJUSTING,20
2026-04-01T23:47:07.824Z,3.2,15.2,4,5.9,ADJUSTING,19
2026-04-01T23:47:08.384Z,3.3,14.5,4.1,5.9,GOOD,20
2026-04-01T23:47:08.963Z,3.2,15.4,4,5.8,ADJUSTING,20
2026-04-01T23:47:09.543Z,2.7,15.1,3.9,6.1,ADJUSTING,20
2026-04-01T23:47:10.103Z,3.6,14.4,4.1,5.3,GOOD,20
2026-04-01T23:47:10.663Z,3,15.7,4.2,5.6,ADJUSTING,20
2026-04-01T23:47:11.243Z,2.8,14.9,4.3,3.7,GOOD,20
2026-04-01T23:47:11.804Z,2.8,14.3,4.2,5.5,GOOD,20
2026-04-01T23:47:12.403Z,4,14.3,4.5,6.2,GOOD,20
2026-04-01T23:47:12.964Z,3.9,14.1,4.3,5.4,GOOD,20
2026-04-01T23:47:13.543Z,3.3,14.1,3.5,5,GOOD,20
2026-04-01T23:47:14.085Z,4.3,14.6,3.5,4.4,GOOD,20
2026-04-01T23:47:14.664Z,3.7,15.1,4.1,5,ADJUSTING,20
2026-04-01T23:47:15.244Z,3.8,14.5,3.7,353.3,ADJUSTING,20
2026-04-01T23:47:15.804Z,3.7,15,3.4,5.7,GOOD,20
2026-04-01T23:50:49.501Z,4.2,12,2.2,1.7,GOOD,0
2026-04-01T23:50:50.101Z,3.9,12,2.3,2.2,GOOD,0
2026-04-01T23:50:50.622Z,3,11.8,1.4,0.4,GOOD,0
2026-04-01T23:50:51.183Z,5.2,14.8,1.1,0.3,GOOD,0
2026-04-01T23:50:51.742Z,6.7,14.6,2,1.1,GOOD,0
2026-04-01T23:50:52.320Z,7.4,14.7,2.5,1,GOOD,0
2026-04-01T23:50:52.982Z,8.1,15.5,2.6,1,ADJUSTING,0
2026-04-01T23:50:53.461Z,7,14.7,2.3,1,GOOD,0
2026-04-01T23:50:54.000Z,7.8,14.6,2.4,1.2,GOOD,0
2026-04-01T23:50:54.580Z,7.4,15.2,4.3,1.9,ADJUSTING,0
2026-04-01T23:50:55.143Z,6,15.2,2.6,1.3,ADJUSTING,0
2026-04-01T23:50:55.721Z,5.2,15.6,2.4,2.1,ADJUSTING,0
2026-04-01T23:50:56.340Z,6,15.8,2.2,2.5,ADJUSTING,0
2026-04-01T23:50:56.901Z,5.5,15.3,2.4,2.3,BAD,0
2026-04-01T23:50:57.481Z,10.9,14.1,2.3,2.1,GOOD,0
2026-04-01T23:50:58.021Z,5.1,14.4,2.5,2.1,GOOD,0
2026-04-01T23:50:58.601Z,4.7,14.4,1.8,1.7,GOOD,0
2026-04-01T23:50:59.160Z,4.7,15.2,1.2,1.7,ADJUSTING,0
2026-04-01T23:50:59.700Z,4.8,14.4,2.2,1.5,GOOD,0
2026-04-01T23:51:00.260Z,4.8,14.6,1.5,1.3,GOOD,0
2026-04-01T23:51:00.861Z,4.7,15.6,2.2,0,ADJUSTING,0
2026-04-01T23:51:01.400Z,6.3,13.1,1.7,0.8,GOOD,0
2026-04-01T23:51:01.960Z,4.9,14.1,1.7,0.5,GOOD,0
2026-04-01T23:51:02.520Z,4.9,14.5,1.8,1.4,GOOD,0
2026-04-01T23:51:03.080Z,4.3,13,0.5,0.7,GOOD,0
2026-04-01T23:51:03.661Z,4.1,19.8,1.6,2.5,ADJUSTING,0
2026-04-01T23:51:04.220Z,3.9,18.1,1,3.2,ADJUSTING,0
2026-04-01T23:51:04.800Z,4.9,18.2,1,1.8,ADJUSTING,0
2026-04-01T23:51:05.360Z,3.4,17.7,1.5,1.8,ADJUSTING,0
2026-04-01T23:51:05.921Z,3.1,18.8,1,1.3,BAD,0
2026-04-01T23:51:06.520Z,0.6,19.9,1.3,1.5,BAD,0
2026-04-01T23:51:07.081Z,7.5,13.9,0.8,2,GOOD,0
2026-04-01T23:51:07.661Z,2.5,15.5,0.8,1.7,ADJUSTING,0
2026-04-01T23:51:08.221Z,2.2,15.7,1.2,0.7,ADJUSTING,0
2026-04-01T23:51:08.801Z,2.3,16.4,0.6,1.2,ADJUSTING,0
2026-04-01T23:51:09.381Z,2.2,16.2,0.9,1.3,ADJUSTING,0
2026-04-01T23:51:09.941Z,2.7,15.5,1.7,0.8,BAD,0
2026-04-01T23:51:10.501Z,4.4,14.3,0.6,0.1,GOOD,0
2026-04-01T23:51:11.081Z,1.5,15.8,1.1,0.6,ADJUSTING,0
2026-04-01T23:51:11.641Z,1.6,16.3,0.5,0.8,ADJUSTING,0
2026-04-01T23:51:12.242Z,1.4,16.2,0.5,0.2,ADJUSTING,0
2026-04-01T23:51:12.782Z,1.9,15.9,0.4,0.7,ADJUSTING,0
2026-04-01T23:51:13.341Z,2,16.1,0.2,0.8,BAD,0
2026-04-01T23:51:13.901Z,0.5,15.8,0.1,0.6,BAD,0
2026-04-01T23:51:14.461Z,3.9,17.2,1.3,0.2,BAD,0
2026-04-01T23:51:15.021Z,5.7,11.2,1.3,3.2,GOOD,0
2026-04-01T23:51:15.582Z,1.4,12,0.3,0.1,GOOD,0
2026-04-01T23:51:16.161Z,2.6,10.5,1.2,0,GOOD,0
2026-04-01T23:51:16.702Z,1.9,8.5,0.5,0.9,GOOD,0
2026-04-01T23:51:17.261Z,4.1,11.7,1.1,0.8,GOOD,0
2026-04-01T23:51:17.841Z,5.4,12.9,1.9,4,GOOD,0
2026-04-01T23:51:18.380Z,5.1,13.6,1.8,3.5,GOOD,0
2026-04-01T23:51:18.942Z,5.3,13.6,1.7,3.7,GOOD,0
2026-04-01T23:51:19.501Z,5.6,13.4,2,3.7,GOOD,0
2026-04-01T23:51:20.061Z,4.9,13,2.5,3.3,GOOD,0
2026-04-01T23:51:20.620Z,4.5,12.8,2.1,3.1,GOOD,0
2026-04-01T23:51:21.201Z,4.6,13,2.5,3.1,GOOD,0
2026-04-01T23:51:21.761Z,4.8,12.9,2.3,2.8,GOOD,0
2026-04-01T23:51:22.301Z,4.7,13.2,1.8,3,GOOD,0
2026-04-01T23:51:22.902Z,5.2,12.7,2,3,GOOD,0
2026-04-01T23:51:23.461Z,5,12.5,1.9,3,GOOD,0
2026-04-01T23:51:24.021Z,4.9,12.4,2.4,2.9,GOOD,0
2026-04-01T23:51:24.561Z,5,12.4,2.3,2.9,GOOD,0
2026-04-01T23:51:25.120Z,4.4,12.3,2,2.5,GOOD,0
2026-04-01T23:51:25.661Z,4.4,12.4,2,2.1,GOOD,0
2026-04-01T23:51:26.221Z,4.6,12.1,1.8,2,GOOD,0
2026-04-01T23:51:26.822Z,4.2,11.8,2.1,1.9,GOOD,0
2026-04-01T23:51:27.341Z,4.3,11.9,2.1,2.1,GOOD,1
2026-04-01T23:51:27.922Z,4.1,12.2,2.1,2,GOOD,1
2026-04-01T23:51:28.481Z,4.4,12.3,1.9,1.5,GOOD,1
2026-04-01T23:51:29.041Z,4.4,12.2,2,2,GOOD,1
2026-04-01T23:51:29.621Z,4.2,12.1,1.9,1.7,GOOD,1
2026-04-01T23:51:30.141Z,4.2,12.4,2,1.6,GOOD,1
2026-04-01T23:51:30.701Z,4.3,12,1.7,2.2,GOOD,1
2026-04-01T23:51:31.260Z,4.4,12.4,2.4,1.6,GOOD,1
2026-04-01T23:51:31.901Z,4.4,11.9,2.3,1.8,GOOD,1
2026-04-01T23:51:32.442Z,4.1,11.4,2,1,GOOD,1
2026-04-01T23:51:33.001Z,4.7,12,2.1,2,GOOD,1
2026-04-01T23:51:33.561Z,4,12.6,1.8,1.2,GOOD,1
2026-04-01T23:51:34.121Z,4.5,12.6,4.5,0.7,GOOD,1
2026-04-01T23:51:34.681Z,4.5,14.1,2.2,0.8,GOOD,1
2026-04-01T23:51:35.261Z,4.6,12.1,3.3,1.8,GOOD,1
2026-04-01T23:51:35.841Z,2.7,13,1.8,0.3,GOOD,1
2026-04-01T23:51:36.361Z,6.3,16.3,2.8,2,ADJUSTING,1
2026-04-01T23:51:36.940Z,6.2,17.1,2.7,2.5,ADJUSTING,1
2026-04-01T23:51:37.521Z,6.3,16.6,2,2.6,ADJUSTING,1
2026-04-01T23:51:38.101Z,6,16.5,2.1,2.5,ADJUSTING,1
2026-04-01T23:51:38.662Z,5.8,16,2.6,1.6,BAD,1
2026-04-01T23:51:39.242Z,5.9,18.1,1.9,2.1,BAD,1
2026-04-01T23:51:39.802Z,9.5,14,1,1.7,GOOD,1
2026-04-01T23:51:40.363Z,4.7,11.4,5.8,0.4,GOOD,1
2026-04-01T23:51:40.941Z,0.6,13.4,4.7,4.8,GOOD,1
2026-04-01T23:51:41.821Z,1.5,12.3,3,1.2,GOOD,1
2026-04-01T23:51:42.061Z,5.5,15.2,3.6,0.4,ADJUSTING,1
2026-04-01T23:51:42.641Z,5.3,16.6,3,0.2,ADJUSTING,1
2026-04-01T23:51:43.201Z,4.6,16.9,2.4,0.2,ADJUSTING,1
2026-04-01T23:51:43.781Z,5.1,16.6,2.9,0.3,ADJUSTING,1
2026-04-01T23:51:44.321Z,6.5,15.7,4,0.9,BAD,1
2026-04-01T23:51:44.881Z,5.4,18.6,3.1,0.5,BAD,1
2026-04-01T23:51:45.500Z,4.3,16.5,3.7,0,BAD,1
2026-04-01T23:51:46.160Z,1.4,16.7,3.5,1.7,BAD,1
2026-04-01T23:51:46.901Z,8.4,11.3,2.7,1.6,GOOD,1
2026-04-01T23:51:47.181Z,3.7,13.3,3.1,1.8,GOOD,2
2026-04-01T23:51:47.841Z,3.5,14.3,3,2.6,GOOD,2
2026-04-01T23:51:48.320Z,4.5,14.2,3.7,1.9,GOOD,2
2026-04-01T23:51:49.220Z,3,16.2,2.2,0.8,ADJUSTING,2
2026-04-01T23:51:49.681Z,4.2,15,1.5,3.2,GOOD,2
2026-04-01T23:51:50.041Z,0.9,11,4,1.6,GOOD,2
2026-04-01T23:51:50.520Z,4.1,12,3.9,2.7,GOOD,2
2026-04-01T23:51:51.201Z,2.4,11.2,4.5,2.1,GOOD,2
2026-04-01T23:51:51.761Z,2.9,12.9,4.2,1.9,GOOD,2
2026-04-01T23:51:52.461Z,2.7,12.6,3.7,2.4,GOOD,2
2026-04-01T23:51:53.061Z,3.1,13.3,3.7,1.6,GOOD,2
2026-04-01T23:51:53.462Z,3,13.5,3.4,1.6,GOOD,2
2026-04-01T23:51:54.081Z,3.5,13.5,3.5,2,GOOD,2
2026-04-01T23:51:54.581Z,2.8,14.4,2,1.5,GOOD,2
2026-04-01T23:51:54.981Z,4.5,14.2,4.5,1.1,GOOD,2
2026-04-01T23:51:55.561Z,3.1,14.2,3.4,1.6,GOOD,2
2026-04-01T23:51:56.241Z,3.1,14.1,3.7,2.1,GOOD,2
2026-04-01T23:51:56.760Z,3.4,14.1,3.9,2,GOOD,2
2026-04-01T23:51:57.261Z,2.9,14,3.9,1.9,GOOD,2
2026-04-01T23:51:57.780Z,2.9,13.7,4.3,2,GOOD,2
2026-04-01T23:51:58.341Z,3,13.2,4.2,1.8,GOOD,2
2026-04-01T23:51:58.920Z,2.8,13.7,3.8,1.8,GOOD,2
2026-04-01T23:51:59.601Z,2.6,14.2,3.5,1.9,GOOD,3
2026-04-01T23:52:00.100Z,3.4,13.7,3.9,1.6,GOOD,3
2026-04-01T23:52:00.620Z,2.9,14,3.6,1.5,GOOD,3
2026-04-01T23:52:01.201Z,3,13.4,3.9,1.6,GOOD,3
2026-04-01T23:52:02.001Z,2.8,13.8,3.9,1.8,GOOD,3
2026-04-01T23:52:02.500Z,2.6,14.2,3.6,2.1,GOOD,3
2026-04-01T23:52:03.022Z,2.7,14,3.5,1.8,GOOD,3
2026-04-01T23:52:03.461Z,2.5,14.3,3.3,2.3,GOOD,3
2026-04-01T23:52:04.160Z,2,13.6,3.2,1.7,GOOD,3
2026-04-01T23:52:04.602Z,2.8,13.9,3.3,2,GOOD,3
2026-04-01T23:52:05.241Z,2.5,13.9,3.8,2.4,GOOD,3
2026-04-01T23:52:05.644Z,2.7,14.1,3.5,1.7,GOOD,3
2026-04-01T23:52:06.381Z,3.1,14,3.4,1.9,GOOD,3
2026-04-01T23:52:06.819Z,1.8,12.7,2.9,2.3,GOOD,3
2026-04-01T23:52:07.381Z,4.5,12.2,2.9,0.5,GOOD,3
2026-04-01T23:52:08.261Z,3.8,12.6,3.4,0.7,GOOD,3
2026-04-01T23:52:08.622Z,3.1,13.8,3.1,0.4,GOOD,3
2026-04-01T23:52:09.121Z,3.5,13.6,3.2,0.7,GOOD,3
2026-04-01T23:52:10.021Z,3.3,13.7,3.7,0.6,GOOD,3
2026-04-01T23:52:10.762Z,3.5,14,4.2,1.1,GOOD,3
2026-04-01T23:52:10.941Z,3.5,14.3,3.8,0.4,GOOD,3
2026-04-01T23:52:11.962Z,3.3,14.2,3.5,0.7,GOOD,3
2026-04-01T23:52:13.161Z,2.7,13.9,3.9,1.1,GOOD,4
2026-04-01T23:52:14.361Z,3,14.8,3.9,0.6,GOOD,4
2026-04-01T23:52:14.880Z,3.3,14.7,3.5,0.6,GOOD,4
2026-04-01T23:52:15.201Z,3.3,15,3.3,0.5,GOOD,4
2026-04-01T23:52:15.381Z,2.9,14.3,3.5,0.3,GOOD,4
2026-04-01T23:52:16.680Z,3.9,14.5,4,0.6,GOOD,4
2026-04-01T23:52:16.696Z,3,13.7,3.6,0.5,GOOD,4
2026-04-01T23:52:16.861Z,3.2,14.5,3.5,0.3,GOOD,4
2026-04-01T23:52:16.876Z,2.7,14.2,3.4,0.8,GOOD,4
2026-04-01T23:52:18.160Z,3.4,13.5,4.3,0.5,GOOD,4
2026-04-01T23:52:18.341Z,3,13.5,3.3,0.9,GOOD,4
2026-04-01T23:52:23.460Z,3.2,14,3.6,0.5,GOOD,4
2026-04-01T23:52:25.740Z,4.5,12.2,3.8,1,GOOD,4
2026-04-01T23:52:26.380Z,3,15,3.9,0.9,ADJUSTING,4
2026-04-01T23:52:27.500Z,2.7,12.8,2.9,1,GOOD,4
2026-04-01T23:52:28.980Z,2.5,14.4,3.2,0.6,GOOD,4
2026-04-01T23:52:29.000Z,4.3,12.5,4,1,GOOD,4
2026-04-01T23:52:29.261Z,4.1,12.2,4.1,0.7,GOOD,4
2026-04-01T23:52:29.481Z,3.9,13.3,3.9,0.3,GOOD,4
2026-04-01T23:52:29.601Z,3.8,14.1,3.7,0.5,GOOD,4
2026-04-01T23:52:29.780Z,3.7,13.5,3.6,0.4,GOOD,4
2026-04-01T23:52:29.800Z,3.8,14.4,4.4,0.2,GOOD,4
2026-04-01T23:52:30.020Z,3.4,14.3,3.3,0.6,GOOD,4
2026-04-01T23:52:30.120Z,2.9,14,3.8,0.1,GOOD,4
2026-04-01T23:52:30.341Z,3.3,13.1,3.5,0.3,GOOD,5
2026-04-01T23:52:30.357Z,3.4,13.5,3.7,0.2,GOOD,5
2026-04-01T23:52:30.421Z,3.4,13.2,3.7,0.2,GOOD,5
2026-04-01T23:52:30.501Z,4.3,13.4,4,0.4,GOOD,5
2026-04-01T23:52:30.540Z,3.8,12.9,4,0.1,GOOD,5
2026-04-01T23:52:30.640Z,4.2,14.2,3.8,0.1,GOOD,5
2026-04-01T23:52:30.700Z,5.6,12.8,4.8,0.4,GOOD,5
2026-04-01T23:52:30.741Z,3.7,12.7,4.7,0.7,GOOD,5
2026-04-01T23:52:30.756Z,3.9,14,4.2,0.3,GOOD,5
2026-04-01T23:52:30.800Z,4.8,11.1,4.6,0,GOOD,5
2026-04-01T23:52:30.981Z,4.1,14.1,4.8,0.2,GOOD,5
2026-04-01T23:52:31.600Z,4.1,13.6,4.1,0.2,GOOD,5
2026-04-01T23:52:32.121Z,5,12.7,4.8,0.3,GOOD,5
2026-04-01T23:52:32.700Z,3.7,14.2,3.7,0.4,GOOD,5
2026-04-01T23:52:33.201Z,2.7,13.4,3.7,0.6,GOOD,5
2026-04-01T23:52:33.781Z,1.6,14.8,2.1,0.5,GOOD,5
2026-04-01T23:52:34.341Z,0.1,14.1,2.7,2.5,GOOD,5
2026-04-01T23:52:34.881Z,0.4,14.5,1.9,1,GOOD,5
2026-04-01T23:52:35.440Z,1.1,12.3,1.9,0.6,GOOD,5
2026-04-01T23:52:36.001Z,0.2,14.3,2.8,0.6,GOOD,5
2026-04-01T23:52:36.581Z,0.7,16.3,1.3,1.5,ADJUSTING,5
2026-04-01T23:52:37.199Z,1.3,17.9,1.6,0.4,ADJUSTING,5
2026-04-01T23:52:37.721Z,3.7,18.7,6.1,0.5,ADJUSTING,5
2026-04-01T23:52:38.280Z,2.6,17.8,1.9,0.1,ADJUSTING,5
2026-04-01T23:52:38.840Z,4,16.2,3.5,1.2,BAD,5
2026-04-01T23:52:39.400Z,8.2,15.8,6,1.4,BAD,5
2026-04-01T23:52:39.960Z,1.7,17.3,5.3,0.7,BAD,5
2026-04-01T23:52:40.520Z,1,15.6,3.6,1.7,BAD,5
2026-04-01T23:52:41.121Z,0.8,12.3,2.2,1,GOOD,5
2026-04-01T23:52:41.900Z,0,12.7,2.3,2.6,GOOD,5
2026-04-01T23:52:42.280Z,2,12.5,3,2.5,GOOD,5
2026-04-01T23:52:42.801Z,0.2,13.6,1.9,2.6,GOOD,6
2026-04-01T23:52:43.360Z,1,14.2,3.5,1.7,GOOD,6
2026-04-01T23:52:43.921Z,2.7,13.7,3.3,1.9,GOOD,6
2026-04-01T23:52:44.501Z,3.3,14.2,4.7,1.4,GOOD,6
2026-04-01T23:52:45.060Z,2.8,14.3,3.9,0.9,GOOD,6
2026-04-01T23:52:45.620Z,1.6,14.5,3,1.6,GOOD,6
2026-04-01T23:52:46.180Z,2,15.5,3.8,0.9,ADJUSTING,6
2026-04-01T23:52:46.780Z,1.5,13.6,2.8,1.3,GOOD,6
2026-04-01T23:52:47.359Z,2.2,13.1,3.7,1.5,GOOD,6
2026-04-01T23:52:47.900Z,2.8,14.4,4.2,1.7,GOOD,6
2026-04-01T23:52:48.461Z,2.4,14,3.5,1.3,GOOD,6
2026-04-01T23:52:49.021Z,3,13.4,4.4,0.5,GOOD,6
2026-04-01T23:52:49.620Z,1.3,14.5,3.3,1.2,GOOD,6
2026-04-01T23:52:50.141Z,2,14.3,4,0.7,GOOD,6
2026-04-01T23:52:50.741Z,1.8,14,4.2,1.3,GOOD,6
2026-04-01T23:52:51.360Z,2.8,13.8,4.7,1,GOOD,6
2026-04-01T23:52:51.840Z,2.5,13.6,3.7,1.7,GOOD,6
2026-04-01T23:52:52.400Z,2.8,13.8,4.6,1.8,GOOD,6
2026-04-01T23:52:52.979Z,2.2,14.3,3.6,2.3,GOOD,6
2026-04-01T23:52:53.520Z,2.3,14.2,3.8,1.7,GOOD,6
2026-04-01T23:52:54.080Z,3.3,14.1,4.1,1.4,GOOD,6
2026-04-01T23:52:54.640Z,3.2,14.7,4.5,1.3,GOOD,6
2026-04-01T23:52:55.240Z,2.4,13.5,4.2,1.5,GOOD,6
2026-04-01T23:52:55.760Z,4.1,14,4.9,1.2,GOOD,6
2026-04-01T23:52:56.320Z,3,12.9,4.6,1.2,GOOD,6
2026-04-01T23:52:56.880Z,2.4,14.4,4,1.7,GOOD,7
2026-04-01T23:52:57.439Z,3.9,14.3,4.8,0.9,GOOD,7
2026-04-01T23:52:58.021Z,3.6,13.2,4.9,1.2,GOOD,7
2026-04-01T23:52:58.560Z,3,14,4.6,1.2,GOOD,7
2026-04-01T23:52:59.180Z,4.1,14,5.2,1.3,GOOD,7
2026-04-01T23:52:59.680Z,3.3,14.3,4.3,1.2,GOOD,7
2026-04-01T23:53:00.240Z,3.7,14.5,4.4,1.9,GOOD,7
2026-04-01T23:53:00.820Z,3.9,14.5,4.6,1.5,GOOD,7
2026-04-01T23:53:01.360Z,3.6,14.2,4.3,1.6,GOOD,7
2026-04-01T23:53:01.940Z,4,14.8,4.9,1,GOOD,7
2026-04-01T23:53:02.500Z,3.7,15.5,4.8,1.3,ADJUSTING,7
2026-04-01T23:53:03.060Z,4.7,16.2,5.7,0.9,ADJUSTING,7
2026-04-01T23:53:03.620Z,3.9,14.7,5,1.2,GOOD,7
2026-04-01T23:53:04.201Z,4.2,15.4,5,1.7,ADJUSTING,7
2026-04-01T23:53:04.759Z,3.9,14.8,5,1.2,GOOD,7
2026-04-01T23:53:05.320Z,4.6,14.2,4.9,1.5,GOOD,7
2026-04-01T23:53:05.880Z,4.2,14.9,4.9,1.3,GOOD,7
2026-04-01T23:53:06.480Z,4.3,15.4,5.4,1.5,ADJUSTING,7
2026-04-01T23:53:07.020Z,3.8,15.1,4.7,1.2,ADJUSTING,7
2026-04-01T23:53:07.639Z,3.4,16.4,5.5,2.6,ADJUSTING,7
2026-04-01T23:53:08.160Z,0.2,15.6,3.7,1.4,ADJUSTING,7
2026-04-01T23:53:08.719Z,4.6,18.9,4.2,3,BAD,7
2026-04-01T23:53:09.292Z,4.8,19,4.8,0.9,BAD,7
2026-04-01T23:53:09.838Z,5.7,18.3,3.3,0.8,BAD,7
2026-04-01T23:53:10.398Z,2,16.8,3,2.2,BAD,7
2026-04-01T23:53:10.980Z,1.9,17.1,4.6,2.9,BAD,7
2026-04-01T23:53:11.543Z,2.2,16.6,3.5,1.2,BAD,7
2026-04-01T23:53:12.101Z,0.8,14.8,3.5,1.4,GOOD,7
2026-04-01T23:53:12.640Z,2.9,14.3,3.3,2.1,GOOD,7
2026-04-01T23:53:13.199Z,3,14.8,3.3,2.6,GOOD,7
2026-04-01T23:53:13.820Z,3.3,15.1,3.5,2,ADJUSTING,7
2026-04-01T23:53:14.500Z,2.5,15.6,3.6,1.1,ADJUSTING,7
2026-04-01T23:53:15.000Z,3.8,15.2,3.7,0.9,ADJUSTING,7
2026-04-01T23:53:15.620Z,3.5,16.4,3.5,0.4,ADJUSTING,7
2026-04-01T23:53:16.222Z,3.9,15.6,3.1,0.4,BAD,7
2026-04-01T23:53:16.800Z,3.1,17,4.7,0.3,BAD,7
2026-04-01T23:53:17.639Z,10.2,14.8,3.8,0.7,GOOD,7
2026-04-01T23:53:17.739Z,4.3,15.7,4.3,1.2,ADJUSTING,7
2026-04-01T23:53:18.499Z,5.6,17.1,4.5,0.7,ADJUSTING,7
2026-04-01T23:53:19.059Z,6.4,16.5,4.3,0.3,ADJUSTING,7
2026-04-01T23:53:19.639Z,5.4,16.8,4.7,0.4,ADJUSTING,7
2026-04-01T23:53:20.099Z,5.4,17.5,5.3,0.3,BAD,7
2026-04-01T23:53:20.640Z,1.7,18.7,4.8,1,BAD,7
2026-04-01T23:53:21.243Z,0.5,18.8,3.4,3,BAD,7
2026-04-01T23:53:21.841Z,1.6,8.3,2.1,5,GOOD,7
2026-04-01T23:53:22.420Z,3.3,4.1,2.6,353.2,ADJUSTING,7
2026-04-01T23:53:22.920Z,0.7,3.1,3.1,350.9,ADJUSTING,7
2026-04-01T23:53:23.480Z,2.1,3.3,0.3,348.3,ADJUSTING,7
2026-04-01T23:53:24.060Z,3.8,2.6,1.5,349.3,ADJUSTING,7
2026-04-01T23:53:24.620Z,1,5.7,0.6,351.9,BAD,7
2026-04-01T23:53:25.180Z,2.7,11.3,0.3,348.4,BAD,7
2026-04-01T23:53:25.739Z,4.3,7.8,0.9,349.4,BAD,7
2026-04-01T23:53:26.400Z,0.2,5.4,0.7,352.6,BAD,7
2026-04-01T23:53:26.959Z,4.2,12.1,1.7,4.9,GOOD,7
2026-04-01T23:53:27.518Z,1.2,11,0.8,5.3,GOOD,7
2026-04-01T23:53:28.079Z,1.1,11.2,0.9,5.6,GOOD,7
2026-04-01T23:53:28.640Z,0.9,11.5,0.6,5.4,GOOD,7
2026-04-01T23:53:29.220Z,0.6,11.5,0.3,4.2,GOOD,7
2026-04-01T23:53:29.760Z,1.2,11.1,0.8,3.8,GOOD,7
2026-04-01T23:53:30.321Z,0.8,11,0.9,3.2,GOOD,7
2026-04-01T23:53:30.881Z,0.8,11,0.5,3.1,GOOD,7
2026-04-01T23:53:31.460Z,0.7,11.1,1,3,GOOD,8
2026-04-01T23:53:32.021Z,0.5,11.4,0.8,3.2,GOOD,8
2026-04-01T23:53:32.561Z,0.7,11.3,1,3.6,GOOD,8
2026-04-01T23:53:33.121Z,0.5,10.9,0.8,3.3,GOOD,8
2026-04-01T23:53:33.681Z,0.5,10.8,1.1,3.5,GOOD,8
2026-04-01T23:53:34.260Z,0.5,11.2,0.4,3.6,GOOD,8
2026-04-01T23:53:34.802Z,0.9,11,0.8,3,GOOD,8
2026-04-01T23:53:35.380Z,0.2,11,0.2,4.2,GOOD,8
2026-04-01T23:53:35.960Z,0.7,10.3,1,3.8,GOOD,8
2026-04-01T23:53:36.499Z,0.6,10.8,0.9,3.5,GOOD,8
2026-04-01T23:53:37.079Z,0.8,11,0.9,3.2,GOOD,8
2026-04-01T23:53:37.659Z,0.7,11.3,0.5,4.1,GOOD,8
2026-04-01T23:53:38.180Z,0.3,10.9,0.4,4.5,GOOD,8
2026-04-01T23:53:38.760Z,0.7,10.8,1.2,4.6,GOOD,8
2026-04-01T23:53:39.301Z,0.7,11,1,4.3,GOOD,8
2026-04-01T23:53:39.859Z,0.8,10.8,0.6,4.2,GOOD,8
2026-04-01T23:53:40.439Z,0.3,11.4,0.6,4,GOOD,8
2026-04-01T23:53:40.979Z,0.1,10.7,0.7,2.4,GOOD,8
2026-04-01T23:53:41.540Z,0.3,11.4,0.8,2.9,GOOD,8
2026-04-01T23:53:42.099Z,0.9,10.1,0.6,3.1,GOOD,8
2026-04-01T23:53:42.660Z,0.9,11.9,1.6,2.9,GOOD,8
2026-04-01T23:53:43.219Z,0.2,11.8,0.3,2.6,GOOD,8
2026-04-01T23:53:43.780Z,0.8,12,1.2,4.4,GOOD,8
2026-04-01T23:53:44.340Z,0.3,12,1.4,3.9,GOOD,8
2026-04-01T23:53:44.900Z,0.1,11.4,1,4.8,GOOD,8
2026-04-01T23:53:45.459Z,0.6,12.7,1.1,4.1,GOOD,9
2026-04-01T23:53:46.020Z,0.2,12.4,0.7,4.2,GOOD,9
2026-04-01T23:53:46.580Z,0.2,11.9,0.7,5,GOOD,9
2026-04-01T23:53:47.139Z,2.8,12.1,1.8,1.8,GOOD,9
2026-04-01T23:53:47.720Z,1,12.3,0.9,3.8,GOOD,9
2026-04-01T23:53:48.260Z,1.4,12.2,0.8,3.1,GOOD,9
2026-04-01T23:53:48.820Z,0.9,12.3,0.5,3.3,GOOD,9
2026-04-01T23:53:49.382Z,0.2,11.8,0,4.4,GOOD,9
2026-04-01T23:53:49.940Z,0.1,12.5,0.2,4.4,GOOD,9
2026-04-01T23:53:50.499Z,1.1,12.1,0.2,4.5,GOOD,9
2026-04-01T23:53:51.060Z,1,12.9,0.7,3.6,GOOD,9
2026-04-01T23:53:51.619Z,0.1,14.5,0.3,3.3,GOOD,9
2026-04-01T23:53:52.180Z,2.4,12.9,1.8,2.2,GOOD,9
2026-04-01T23:53:52.740Z,0.5,13.4,0.1,2.6,GOOD,9
2026-04-01T23:53:53.299Z,0.8,12.1,0.1,3.5,GOOD,9
2026-04-01T23:53:53.860Z,1.6,13.3,0.6,3.2,GOOD,9
2026-04-01T23:53:54.419Z,1,12.7,0.5,3.2,GOOD,9
2026-04-01T23:53:54.980Z,0.8,12.3,0.2,4,GOOD,9
2026-04-01T23:53:55.559Z,0.7,12.3,0.3,4.1,GOOD,9
2026-04-01T23:53:56.100Z,1.3,12.8,0.3,3.3,GOOD,9
2026-04-01T23:53:56.679Z,1.3,11.7,0.9,4.9,GOOD,9
2026-04-01T23:53:57.239Z,1,12.1,0.1,4.8,GOOD,9
2026-04-01T23:53:57.800Z,1,12.8,0.4,1.5,GOOD,9
2026-04-01T23:53:58.359Z,1.2,12.4,0.2,1,GOOD,9
2026-04-01T23:53:58.920Z,0.6,12.2,0.7,0.7,GOOD,9
2026-04-01T23:53:59.499Z,6.2,13,0.2,2.1,GOOD,10
2026-04-01T23:54:00.079Z,1.5,12.1,0.3,2.7,GOOD,10
2026-04-01T23:54:00.639Z,0.6,11.7,0.2,3.3,GOOD,10
2026-04-01T23:54:01.239Z,0.7,11.6,0.4,3.2,GOOD,10
2026-04-01T23:54:01.819Z,0.6,12.1,0.3,3,GOOD,10
2026-04-01T23:54:02.379Z,1,12.4,0.3,3.3,GOOD,10
2026-04-01T23:54:02.940Z,0.6,11.3,0.1,3.4,GOOD,10
2026-04-01T23:54:03.499Z,0.7,13,0.1,3,GOOD,10
2026-04-01T23:54:04.059Z,0.5,12.6,0.1,3,GOOD,10
2026-04-01T23:54:04.639Z,1.9,11.6,1.8,3.8,GOOD,10
2026-04-01T23:54:05.199Z,2.8,10.1,0.2,3.1,GOOD,10
2026-04-01T23:54:05.759Z,0.2,12.7,1.5,3.7,GOOD,10
2026-04-01T23:54:06.319Z,0.6,12.4,1.8,4.5,GOOD,10
2026-04-01T23:54:06.879Z,0.6,12.3,1.7,4.5,GOOD,10
2026-04-01T23:54:07.439Z,1.4,12.2,2.5,1.9,GOOD,10
2026-04-01T23:54:07.999Z,1.3,8.9,3.3,2,GOOD,10
2026-04-01T23:54:08.559Z,0.5,9.6,1.2,0.4,GOOD,10
2026-04-01T23:54:09.119Z,1.5,11.2,2.8,5.5,GOOD,10
2026-04-01T23:54:09.698Z,1,11.6,2.5,4.2,GOOD,10
2026-04-01T23:54:10.259Z,1,0.6,2.6,1.4,GOOD,10
2026-04-01T23:54:10.819Z,1.6,5.6,0,0.2,GOOD,10
2026-04-01T23:54:11.379Z,0.6,5.4,2.3,5.3,GOOD,10
2026-04-01T23:54:11.940Z,2.2,9.8,2.5,353.2,ADJUSTING,10
2026-04-01T23:54:12.959Z,0.7,8.1,2.6,349.7,ADJUSTING,10
2026-04-01T23:54:13.079Z,0.5,13.6,2.5,0.7,GOOD,10
2026-04-01T23:54:13.679Z,2.6,20.5,0.6,6.7,ADJUSTING,10
2026-04-01T23:54:14.259Z,2.3,18.8,1,3.7,ADJUSTING,10
2026-04-01T23:54:14.799Z,2.6,21.3,0.5,2.4,ADJUSTING,10
2026-04-01T23:54:15.379Z,2.2,20.4,0.4,1.5,ADJUSTING,10
2026-04-01T23:54:15.939Z,2.2,24,1.5,1.8,BAD,10
2026-04-01T23:54:16.500Z,5.7,21.9,1.4,0.9,BAD,10
2026-04-01T23:54:17.080Z,2.7,26.3,1.9,0,BAD,10
2026-04-01T23:54:17.619Z,6.3,20.6,0.2,1,BAD,10
2026-04-01T23:54:18.180Z,0.1,14.8,2.1,3.1,GOOD,10
2026-04-01T23:54:18.739Z,0.6,10.9,1.9,2.5,GOOD,10
2026-04-01T23:54:19.319Z,0.1,10.4,1.6,2,GOOD,10
2026-04-01T23:54:19.879Z,0.6,10.8,1.4,1.1,GOOD,10
2026-04-01T23:54:20.439Z,0.1,10.8,1.7,1,GOOD,10
2026-04-01T23:54:21.020Z,0.3,11.2,1.9,0.2,GOOD,11
2026-04-01T23:54:21.558Z,0.9,13.5,1.5,0.8,GOOD,11
2026-04-01T23:54:22.158Z,3.1,11.8,4.6,1.5,GOOD,11
2026-04-01T23:54:22.740Z,2,12.3,2,0.3,GOOD,11
2026-04-01T23:54:23.439Z,1.2,24.1,1.4,0.9,ADJUSTING,11
2026-04-01T23:54:23.898Z,3.2,17.2,3,1.2,ADJUSTING,11
2026-04-01T23:54:24.578Z,3.1,16.7,3.6,2.5,ADJUSTING,11
2026-04-01T23:54:25.100Z,2.8,17.8,3.3,1.7,ADJUSTING,11
2026-04-01T23:54:25.540Z,2.4,17.5,2.7,2.1,BAD,11
2026-04-01T23:54:26.519Z,1.9,19.7,3.1,1.6,BAD,11
2026-04-01T23:54:26.680Z,5.7,12.6,2.2,1,GOOD,11
2026-04-01T23:54:27.258Z,0.9,13.5,2.7,3.2,GOOD,11
2026-04-01T23:54:27.818Z,1.1,13.4,2.7,2.9,GOOD,11
2026-04-01T23:54:28.379Z,1.2,13.4,3.1,3.3,GOOD,11
2026-04-01T23:54:28.979Z,1.4,13.7,2.3,3.7,GOOD,11
2026-04-01T23:54:29.478Z,2.4,13.3,3.5,4.3,GOOD,11
2026-04-01T23:54:30.039Z,2.4,14.5,3.7,1.7,GOOD,11
2026-04-01T23:54:30.619Z,3.3,15.9,3.8,0.2,ADJUSTING,11
2026-04-01T23:54:31.179Z,3.7,14.5,3.7,0.1,GOOD,11
2026-04-01T23:54:31.759Z,3.1,15.1,3,0.2,ADJUSTING,11
2026-04-01T23:54:32.320Z,3.4,15,3.6,0.7,ADJUSTING,11
2026-04-01T23:54:32.879Z,3.2,14.9,3.5,1.1,GOOD,11
2026-04-01T23:54:33.480Z,4.8,13.2,4.3,1.2,GOOD,11
2026-04-01T23:54:34.060Z,2.1,14.7,1.9,1.1,GOOD,11
2026-04-01T23:54:34.799Z,3.8,14.4,4,0.4,GOOD,11
2026-04-01T23:54:35.239Z,3.7,14.2,3.9,0.8,GOOD,11
2026-04-01T23:54:35.760Z,3.9,14.5,3.4,0.7,GOOD,11
2026-04-01T23:54:36.379Z,3.8,14.7,3.8,1.4,GOOD,11
2026-04-01T23:54:37.120Z,4.2,14.9,2.8,1.2,GOOD,11
2026-04-01T23:54:37.699Z,4.2,15.2,3.4,1.3,ADJUSTING,11
2026-04-01T23:54:38.140Z,3.8,15,3.6,1,GOOD,11
2026-04-01T23:54:38.718Z,4.6,15.2,3.3,1,ADJUSTING,11
2026-04-01T23:54:39.338Z,3.9,14.8,3.6,1,GOOD,11
2026-04-01T23:54:39.800Z,4.1,14.9,3.5,1.4,GOOD,11
2026-04-01T23:54:40.497Z,4,15.5,3.2,1.2,ADJUSTING,11
2026-04-01T23:54:41.098Z,4.4,15.1,3.6,1,ADJUSTING,11
2026-04-01T23:54:41.838Z,4.2,15.4,3.4,1.2,ADJUSTING,11
2026-04-01T23:54:42.180Z,4,15.1,3.7,0.6,ADJUSTING,11
2026-04-01T23:54:42.918Z,3.8,15.7,3.5,1.4,BAD,11
2026-04-01T23:54:43.379Z,0.8,17.3,3.9,1.5,BAD,11
2026-04-01T23:54:43.737Z,7,10.3,2.9,1.9,GOOD,11
2026-04-01T23:54:44.359Z,0.1,10.6,2.8,5.5,GOOD,11
2026-04-01T23:54:44.919Z,2.3,11.8,3.7,5.2,GOOD,11
2026-04-01T23:54:45.418Z,2.2,11.9,3.5,4.3,GOOD,11
2026-04-01T23:54:46.278Z,2.9,12,3.4,3.9,GOOD,11
2026-04-01T23:54:46.581Z,2.9,12.6,3.2,3,GOOD,11
2026-04-01T23:54:47.198Z,3,12.9,3.6,3.1,GOOD,12
2026-04-01T23:54:47.720Z,3.5,13.5,3.2,2.9,GOOD,12
2026-04-01T23:54:48.220Z,3.3,12.4,3.5,3.5,GOOD,12
2026-04-01T23:54:48.799Z,3.2,12.1,3.8,4,GOOD,12
2026-04-01T23:54:49.360Z,3.6,12.8,4.2,3.6,GOOD,12
2026-04-01T23:54:49.979Z,2.9,12.5,3.3,3.6,GOOD,12
2026-04-01T23:54:50.526Z,3.5,12.6,3.9,3.1,GOOD,12
2026-04-01T23:54:51.059Z,3.5,12.9,3.7,2.9,GOOD,12
2026-04-01T23:54:51.639Z,3.6,12.6,3.9,2.8,GOOD,12
2026-04-01T23:54:52.279Z,3.3,13.1,3.6,3,GOOD,12
2026-04-01T23:54:52.778Z,3.7,12.9,3.9,3.4,GOOD,12
2026-04-01T23:54:53.398Z,3.5,12.9,3.9,2.6,GOOD,12
2026-04-01T23:54:53.860Z,3.4,12.6,3.5,2.7,GOOD,12
2026-04-01T23:54:54.420Z,3.6,13,4,2.7,GOOD,12
2026-04-01T23:54:54.999Z,3.7,12.8,3.6,2.5,GOOD,12
2026-04-01T23:54:55.639Z,3.7,13,4,2.5,GOOD,12
2026-04-01T23:54:56.139Z,3.6,12.5,4,2.2,GOOD,12
2026-04-01T23:54:56.659Z,3.9,13.2,3.8,2.4,GOOD,12
2026-04-01T23:54:57.240Z,3.9,13.2,4,2.7,GOOD,12
2026-04-01T23:54:57.839Z,3.3,12.8,3.7,2.5,GOOD,12
2026-04-01T23:54:58.458Z,3.9,12.9,3.8,2.4,GOOD,12
2026-04-01T23:54:58.919Z,3.8,13,3.7,2.5,GOOD,12
2026-04-01T23:54:59.558Z,4,13.5,3.7,2.6,GOOD,12
2026-04-01T23:55:00.058Z,4.3,12.8,3.7,2.7,GOOD,12
2026-04-01T23:55:00.618Z,4.1,13.2,4,3.2,GOOD,12
2026-04-01T23:55:01.158Z,4.3,13,4,2.6,GOOD,12
2026-04-01T23:55:01.739Z,4.2,13.2,3.5,2.3,GOOD,12
2026-04-01T23:55:02.339Z,4.4,13.3,3.5,2.1,GOOD,12
2026-04-01T23:55:02.898Z,3.6,13.3,3.6,2.2,GOOD,13
2026-04-01T23:55:03.479Z,3.7,13.3,3.9,2,GOOD,13
2026-04-01T23:55:04.000Z,3.9,13,4.1,2.7,GOOD,13
2026-04-01T23:55:04.579Z,3.9,13.4,3.5,2.7,GOOD,13
2026-04-01T23:55:05.119Z,4.1,13.3,3.8,2.3,GOOD,13
2026-04-01T23:55:05.698Z,3.9,13.2,3.5,3.1,GOOD,13
2026-04-01T23:55:06.258Z,3.7,12.6,4.1,2.3,GOOD,13
2026-04-01T23:55:06.839Z,3.6,12.5,3.8,2.7,GOOD,13
2026-04-01T23:55:07.418Z,3.7,13.7,3.9,2.6,GOOD,13
2026-04-01T23:55:07.980Z,4.1,12.8,4,2.9,GOOD,13
2026-04-01T23:55:08.518Z,4.6,13.2,4.2,2.6,GOOD,13
2026-04-01T23:58:37.316Z,5.6,14.2,3.6,0.5,GOOD,0
2026-04-01T23:58:37.877Z,5.4,14.4,3.8,0.2,GOOD,0
2026-04-01T23:58:38.456Z,5.1,14.5,4.2,0.2,GOOD,0
2026-04-01T23:58:39.017Z,5.3,14.4,4.1,0.2,GOOD,0
2026-04-01T23:58:39.577Z,5.1,14.2,4,0.2,GOOD,0
2026-04-01T23:58:40.156Z,5,14.1,3.8,0.2,GOOD,0
2026-04-01T23:58:40.716Z,5.3,14.1,3.9,0.4,GOOD,0
2026-04-01T23:58:41.257Z,5.1,13.8,3.9,0.5,GOOD,0
2026-04-01T23:58:41.816Z,5.3,14.2,3.9,0.7,GOOD,0
2026-04-01T23:58:42.376Z,4.8,13.7,3.9,0.1,GOOD,0
2026-04-01T23:58:42.936Z,5.2,14,4,0.1,GOOD,0
2026-04-01T23:58:43.496Z,4.6,13.8,3.7,0.3,GOOD,0
2026-04-01T23:58:44.056Z,4.8,14.2,3.8,0.1,GOOD,0
2026-04-01T23:58:44.636Z,4.4,14,3.4,0.1,GOOD,0
2026-04-01T23:58:45.196Z,4.3,13.8,3,0.3,GOOD,0
2026-04-01T23:58:45.776Z,3.7,13.6,2.6,0.5,GOOD,0
2026-04-01T23:58:46.297Z,4.1,13.8,3.5,0.3,GOOD,0
2026-04-01T23:58:46.878Z,4.2,14.2,2.9,0.4,GOOD,0
2026-04-01T23:58:47.437Z,4.6,13.8,2.8,0.4,GOOD,0
2026-04-01T23:58:47.996Z,4.6,14,3.2,0.1,GOOD,0
2026-04-01T23:58:48.536Z,4.8,13.5,3.1,0.1,GOOD,0
2026-04-01T23:58:49.137Z,4.3,14.1,3.6,0.1,GOOD,0
2026-04-01T23:58:49.677Z,4.6,13.2,3.6,0.4,GOOD,0
2026-04-01T23:58:50.217Z,4.5,13.5,3.5,0.4,GOOD,0
2026-04-01T23:58:50.796Z,4.6,13.5,3.2,0.2,GOOD,0
2026-04-01T23:58:51.356Z,4.6,13.7,3.8,0.1,GOOD,0
2026-04-01T23:58:51.956Z,4.1,13.7,3.3,0.1,GOOD,0
2026-04-01T23:58:52.457Z,3.8,13.6,3.1,0.1,GOOD,0
2026-04-01T23:58:53.016Z,4.2,13.7,2.8,0.2,GOOD,0
2026-04-01T23:58:53.598Z,3.9,13.6,3.1,0.4,GOOD,0
2026-04-01T23:58:54.157Z,3.9,13.4,2.7,0.8,GOOD,0
2026-04-01T23:58:54.696Z,3.8,13.2,3,1,GOOD,0
2026-04-01T23:58:55.275Z,3.2,13.5,2.7,1.3,GOOD,0
2026-04-01T23:58:55.876Z,3.6,12.5,3,1.3,GOOD,0
2026-04-01T23:58:56.403Z,0.9,5.8,3.1,6,GOOD,0
2026-04-01T23:58:56.977Z,0.5,5.6,2.4,351.8,ADJUSTING,0
2026-04-01T23:58:57.516Z,1.4,6.2,3.9,350.2,ADJUSTING,0
2026-04-01T23:58:58.096Z,2.3,9.5,2,1.3,GOOD,0
2026-04-01T23:58:58.635Z,2.2,8.7,3,2.1,GOOD,0
2026-04-01T23:58:59.196Z,2.5,10.3,2.2,0.1,GOOD,0
2026-04-01T23:58:59.756Z,1.9,11,1.7,6.4,GOOD,0
2026-04-01T23:59:00.397Z,0.3,2.3,2.6,351.2,ADJUSTING,0
2026-04-01T23:59:01.036Z,0.3,2.5,2.7,352.4,ADJUSTING,0
2026-04-01T23:59:01.637Z,0.2,3,2.6,353,ADJUSTING,0
2026-04-01T23:59:02.156Z,0.4,3.3,3.3,352.7,ADJUSTING,0
2026-04-01T23:59:02.836Z,0.3,3.1,2.4,352.5,BAD,0
2026-04-01T23:59:03.336Z,4.7,1.7,3.1,3.4,GOOD,0
2026-04-01T23:59:03.777Z,1.2,9.1,2.5,0.8,GOOD,0
2026-04-01T23:59:04.355Z,2,10,2.4,0.1,GOOD,0
2026-04-01T23:59:04.976Z,2.6,11,2.7,0.4,GOOD,0
2026-04-01T23:59:05.516Z,1.6,10.5,2.4,0,GOOD,0
2026-04-01T23:59:06.075Z,0.8,9.3,2.6,1.4,GOOD,0
2026-04-01T23:59:06.695Z,1.9,10,2.7,1.3,GOOD,0
2026-04-01T23:59:07.196Z,1.7,9.4,2.8,1,GOOD,0
2026-04-01T23:59:07.815Z,1.9,9.7,2.8,0.4,GOOD,0
2026-04-01T23:59:08.376Z,2.1,10,3.5,0.3,GOOD,0
2026-04-01T23:59:08.877Z,1.8,9.7,3,0.2,GOOD,0
2026-04-01T23:59:09.416Z,1.6,8.9,2.1,0,GOOD,0
2026-04-01T23:59:09.976Z,1.9,10.2,2.6,0.6,GOOD,0
2026-04-01T23:59:10.556Z,2.4,9.8,3.2,0.4,GOOD,0
2026-04-01T23:59:11.137Z,2.1,9.8,3.1,0.2,GOOD,0
2026-04-01T23:59:11.696Z,2.2,10,2.9,0.3,GOOD,0
2026-04-01T23:59:12.216Z,2.2,9.5,2.2,0.3,GOOD,0
2026-04-01T23:59:12.776Z,2.1,9.4,2.7,0.3,GOOD,0
2026-04-01T23:59:13.356Z,1.6,11.4,2.4,0.4,GOOD,1
2026-04-01T23:59:13.916Z,0.4,10.2,2,0.1,GOOD,1
2026-04-01T23:59:14.516Z,1.4,10.9,2.2,0.5,GOOD,1
2026-04-01T23:59:15.036Z,2,11.6,3,1,GOOD,1
2026-04-01T23:59:15.575Z,2.9,12.3,3.1,1,GOOD,1
2026-04-01T23:59:16.136Z,2.7,12,2.7,1.6,GOOD,1
2026-04-01T23:59:16.696Z,2.8,12.6,3.3,1,GOOD,1
2026-04-01T23:59:17.257Z,3.2,12.9,2.6,0,GOOD,1
2026-04-01T23:59:17.816Z,2.8,13,3.1,1.1,GOOD,1
2026-04-01T23:59:18.396Z,2.7,12.5,3.3,1.1,GOOD,1
2026-04-01T23:59:18.956Z,2.7,13.4,3.1,0.7,GOOD,1
2026-04-01T23:59:19.496Z,2.9,14.1,3.4,0.8,GOOD,1
2026-04-01T23:59:20.057Z,3.3,14.9,2.4,0.4,GOOD,1
2026-04-01T23:59:20.616Z,3.6,14.9,2.5,0.1,GOOD,1
2026-04-01T23:59:21.197Z,3.7,15.7,2.6,0.6,ADJUSTING,1
2026-04-01T23:59:21.756Z,3.7,16,2.2,0.6,ADJUSTING,1
2026-04-01T23:59:22.317Z,3,13.9,2.3,1.5,GOOD,1
2026-04-01T23:59:22.896Z,3.1,13.8,2.5,0.1,GOOD,1
2026-04-01T23:59:23.456Z,3.5,14,2.4,0,GOOD,1
2026-04-01T23:59:24.056Z,3.6,13.5,3,0,GOOD,1
2026-04-01T23:59:24.597Z,3.1,13.7,2.9,0.1,GOOD,1
2026-04-01T23:59:25.156Z,3.8,14,2.9,0.4,GOOD,1
2026-04-01T23:59:25.696Z,3.7,13.9,2.8,0.1,GOOD,1
2026-04-01T23:59:26.256Z,3.7,13.9,2.5,0.2,GOOD,1
2026-04-01T23:59:26.815Z,3.5,14.1,2.4,0.2,GOOD,1
2026-04-01T23:59:27.395Z,3.3,13.8,2.7,0.3,GOOD,1
2026-04-01T23:59:27.995Z,1.8,14.6,2.3,0.1,GOOD,1
2026-04-01T23:59:28.495Z,5.5,12.3,6.1,0.4,GOOD,1
2026-04-01T23:59:29.077Z,4.8,13,5,1.5,GOOD,1
2026-04-01T23:59:29.617Z,5.6,13.6,4.1,1.9,GOOD,1
2026-04-01T23:59:30.176Z,5,11.4,4.2,2.5,GOOD,1
2026-04-01T23:59:30.756Z,3.2,12.8,3.9,1.7,GOOD,1
2026-04-01T23:59:31.296Z,2.8,14.5,3,0.6,GOOD,2
2026-04-01T23:59:31.856Z,2.8,13.9,2.9,0.4,GOOD,2
2026-04-01T23:59:32.416Z,2.2,14.6,2.5,0.3,GOOD,2
2026-04-01T23:59:32.977Z,2,14,2.5,0.3,GOOD,2
2026-04-01T23:59:33.536Z,1.4,14.3,2.4,0.1,GOOD,2
2026-04-01T23:59:34.136Z,1.6,14,1.9,0.1,GOOD,2
2026-04-01T23:59:34.695Z,2.1,13.4,2.8,0.5,GOOD,2
2026-04-01T23:59:35.256Z,1.4,14.1,3.1,0.9,GOOD,2
2026-04-01T23:59:35.816Z,2.4,12.9,2.1,0.6,GOOD,2
2026-04-01T23:59:36.376Z,2.2,14.7,2.5,0.5,GOOD,2
2026-04-01T23:59:36.937Z,1.3,14.4,2.2,0,GOOD,2
2026-04-01T23:59:37.496Z,1.8,14.4,2.5,0.1,GOOD,2
2026-04-01T23:59:38.076Z,2,14.5,2.3,0,GOOD,2
2026-04-01T23:59:38.656Z,2,14.9,2.7,0.1,GOOD,2
2026-04-01T23:59:39.195Z,2,13.9,2.2,0.4,GOOD,2
2026-04-01T23:59:39.756Z,1.8,14.4,2.6,0.3,GOOD,2
2026-04-01T23:59:40.356Z,2.2,14.3,2.4,0.3,GOOD,2
2026-04-01T23:59:40.916Z,1.7,14.5,2.3,0.1,GOOD,2
2026-04-01T23:59:41.476Z,2.4,14.3,2.6,0.4,GOOD,2
2026-04-01T23:59:42.035Z,2.2,14.8,2.6,0.2,GOOD,2
2026-04-01T23:59:42.597Z,2.2,14.2,2.3,0,GOOD,2
2026-04-01T23:59:43.156Z,1.7,14.7,2.6,0,GOOD,2
2026-04-01T23:59:43.716Z,2,14.3,2.6,0.4,GOOD,2
2026-04-01T23:59:44.276Z,2.2,14.2,2.4,0.1,GOOD,2
2026-04-01T23:59:44.857Z,2.1,14.3,2.5,0.3,GOOD,2
2026-04-01T23:59:45.416Z,2.4,15.2,2.6,0.7,ADJUSTING,2
2026-04-01T23:59:45.975Z,0.7,14.7,1,0.2,GOOD,2
2026-04-01T23:59:46.535Z,1.1,14.5,1.9,0.1,GOOD,2
2026-04-01T23:59:47.094Z,1.5,15.4,2.3,0.2,ADJUSTING,2
2026-04-01T23:59:47.656Z,1.5,14.9,2,0.1,GOOD,2
2026-04-01T23:59:48.214Z,1.7,14.4,2.4,0.3,GOOD,2
2026-04-01T23:59:48.776Z,1.4,14.6,2.1,0,GOOD,2
2026-04-01T23:59:49.335Z,1.9,14.6,2.8,0.1,GOOD,3
2026-04-01T23:59:49.896Z,1.7,14.6,2.1,0.2,GOOD,3
2026-04-01T23:59:50.456Z,1.5,14.6,2.5,0.1,GOOD,3
2026-04-01T23:59:51.016Z,1.4,14.8,2.4,0.3,GOOD,3
2026-04-01T23:59:51.576Z,1.4,14.5,2.3,0.3,GOOD,3
2026-04-01T23:59:52.136Z,2.1,14.1,2.5,0.2,GOOD,3
2026-04-01T23:59:52.716Z,1.6,14.8,2.2,0.1,GOOD,3
2026-04-01T23:59:53.276Z,1.9,14.6,2,0.4,GOOD,3
2026-04-01T23:59:53.836Z,1.5,14.4,2.4,0.3,GOOD,3
2026-04-01T23:59:54.395Z,1.4,14.5,2.6,0.2,GOOD,3
2026-04-01T23:59:54.955Z,1.8,14.3,1.9,0.6,GOOD,3
2026-04-01T23:59:55.535Z,2,15,2.2,0.3,ADJUSTING,3
2026-04-01T23:59:56.096Z,2.2,14.7,2.5,0.1,GOOD,3
2026-04-01T23:59:56.675Z,1.8,14.7,2.5,0.4,GOOD,3
2026-04-01T23:59:57.195Z,2,14.8,2.4,0,GOOD,3
2026-04-01T23:59:57.756Z,1.8,14.5,2.4,0.2,GOOD,3
2026-04-01T23:59:58.316Z,1.9,14.2,2.5,0.3,GOOD,3
2026-04-01T23:59:58.875Z,2,14,2.8,0.6,GOOD,3
2026-04-01T23:59:59.435Z,2.3,14,2.6,0.1,GOOD,3
2026-04-01T23:59:59.995Z,2.3,14.2,2.2,0.5,GOOD,3
2026-04-02T00:00:00.556Z,2,14.5,2.1,0.5,GOOD,3
2026-04-02T00:00:01.135Z,2,14.3,2.3,0,GOOD,3
2026-04-02T00:00:01.676Z,2.6,14.5,2.4,0.2,GOOD,3
2026-04-02T00:00:02.237Z,2.4,14.7,2.6,0.2,GOOD,3
2026-04-02T00:00:02.818Z,2,14.3,2.6,0.1,GOOD,3
2026-04-02T00:00:03.376Z,2,14.6,2.5,0.6,GOOD,3
2026-04-02T00:00:03.936Z,1.9,14.4,2.9,0.4,GOOD,3
2026-04-02T00:00:04.495Z,1.5,14.2,2.3,0.9,GOOD,3
2026-04-02T00:00:05.056Z,1.8,14.7,2.3,0.1,GOOD,3
2026-04-02T00:00:05.616Z,1.7,14.3,2,0.6,GOOD,3
2026-04-02T00:00:06.176Z,1.9,14.1,2.1,0.2,GOOD,3
2026-04-02T00:00:06.736Z,1.8,14.5,2.5,0.3,GOOD,4
2026-04-02T00:00:07.336Z,1.6,13.8,1.9,0.1,GOOD,4
2026-04-02T00:00:07.935Z,1.6,14.2,1.9,0.5,GOOD,4
2026-04-02T00:00:08.455Z,1.4,14.2,2.3,0.8,GOOD,4
2026-04-02T00:00:09.015Z,0.9,13.9,1.9,0,GOOD,4
2026-04-02T00:00:09.575Z,2.3,14.8,2.1,0.1,GOOD,4
2026-04-02T00:00:10.136Z,1,14.5,2.7,0.2,GOOD,4
2026-04-02T00:00:10.716Z,1.5,15.5,1.9,0,ADJUSTING,4
2026-04-02T00:00:11.275Z,1.2,15,2.6,0.2,GOOD,4
2026-04-02T00:00:11.855Z,1.6,15.4,2.3,0.5,ADJUSTING,4
2026-04-02T00:00:12.416Z,4.1,11.8,4.5,0.4,GOOD,4
2026-04-02T00:00:13.075Z,4.7,11.4,4.8,1.2,GOOD,4
2026-04-02T00:00:13.555Z,3.7,10.5,3.9,1.3,GOOD,4
2026-04-02T00:00:14.175Z,3.5,11.7,2.6,1.9,GOOD,4
2026-04-02T00:00:14.735Z,4.5,10.9,3.6,0.9,GOOD,4
2026-04-02T00:00:15.516Z,4.8,10.8,3.3,1.4,GOOD,4
2026-04-02T00:00:16.175Z,3.2,10.9,3.3,1.4,GOOD,4
2026-04-02T00:00:20.056Z,2.2,12.1,2.7,1.6,GOOD,4
2026-04-02T00:00:21.255Z,3,10.4,2.7,1.3,GOOD,4
2026-04-02T00:00:21.975Z,2.8,11.2,2.7,1.9,GOOD,4
2026-04-02T00:00:22.014Z,3.1,10.4,3,1.7,GOOD,4
2026-04-02T00:00:22.095Z,2.9,10.9,2.4,2.2,GOOD,4
2026-04-02T00:00:22.154Z,3,10.2,3.2,2.6,GOOD,4
2026-04-02T00:00:22.214Z,2.7,11.3,2.6,2,GOOD,4
2026-04-02T00:00:22.314Z,2.8,10.2,2.9,2.3,GOOD,4
2026-04-02T00:00:22.395Z,3,9.8,2.9,2.4,GOOD,4
2026-04-02T00:00:22.614Z,2.8,9.7,2.6,2.3,GOOD,4
2026-04-02T00:00:22.654Z,2.9,10.8,3,2.7,GOOD,4
2026-04-02T00:00:23.734Z,2.5,10.1,3,2.1,GOOD,4
2026-04-02T00:00:24.215Z,2.7,10.2,2.5,2.4,GOOD,4
2026-04-02T00:00:24.856Z,2.5,11.1,2.4,2.4,GOOD,4
2026-04-02T00:00:28.295Z,2.6,10.5,2.7,1.9,GOOD,4
2026-04-02T00:00:28.376Z,2.7,9.9,2.9,2.2,GOOD,4
2026-04-02T00:00:28.476Z,2.6,10.4,2.9,2.2,GOOD,4
2026-04-02T00:00:28.555Z,2.3,10.8,2.7,1.7,GOOD,5
2026-04-02T00:00:28.655Z,2.2,10.8,2.8,2.7,GOOD,5
2026-04-02T00:00:28.666Z,2.4,10.5,2.6,2.4,GOOD,5
2026-04-02T00:00:28.695Z,2.3,10.3,2.6,2.5,GOOD,5
2026-04-02T00:00:28.715Z,1.9,10.1,2.6,2.9,GOOD,5
2026-04-02T00:00:28.719Z,1.9,7.5,2.4,2.9,GOOD,5
2026-04-02T00:00:29.515Z,3,9.7,2.4,2.1,GOOD,5
2026-04-02T00:00:29.815Z,2,10.6,1.7,1.2,GOOD,5
2026-04-02T00:00:30.377Z,2.4,10.1,2.3,1.6,GOOD,5
2026-04-02T00:00:30.955Z,2.2,10.3,2.4,1.3,GOOD,5
2026-04-02T00:00:31.496Z,1.5,10.7,1.8,1.4,GOOD,5
2026-04-02T00:00:32.095Z,2.3,10.8,2.6,1.1,GOOD,5
2026-04-02T00:00:32.755Z,2,10.8,1.6,0.8,GOOD,5
2026-04-02T00:00:33.395Z,2.1,11.1,1.7,0.5,GOOD,5
2026-04-02T00:00:33.737Z,2.4,10.4,2.3,1.6,GOOD,5
2026-04-02T00:00:34.375Z,2.2,10.7,2,1,GOOD,5
2026-04-02T00:00:34.975Z,2.5,10.9,2.3,1,GOOD,5
2026-04-02T00:00:35.455Z,1.7,9.7,2.6,0.5,GOOD,5
2026-04-02T00:00:35.995Z,2.1,11.5,2,1,GOOD,5
2026-04-02T00:00:36.576Z,2.1,10.8,2.3,1.6,GOOD,5
2026-04-02T00:00:37.116Z,2.2,11.6,2.6,0.7,GOOD,5
2026-04-02T00:00:37.795Z,2.3,11,2.3,1.4,GOOD,5
2026-04-02T00:00:38.297Z,2.6,10.8,2.1,1.2,GOOD,5
2026-04-02T00:00:38.955Z,2.2,11.1,2.2,1,GOOD,5
2026-04-02T00:00:39.355Z,1.9,11.8,2.4,0.8,GOOD,5
2026-04-02T00:00:39.935Z,2.4,11.5,2.3,1.2,GOOD,5
2026-04-02T00:00:40.555Z,2.4,11,2.5,0.8,GOOD,5
2026-04-02T00:00:41.116Z,2.3,10.6,2.6,1.2,GOOD,5
2026-04-02T00:00:41.676Z,2.5,10.9,2.2,1.1,GOOD,5
2026-04-02T00:00:42.196Z,2.6,10.8,2.4,1,GOOD,5
2026-04-02T00:00:42.755Z,2.5,11.5,2.3,1.3,GOOD,5
2026-04-02T00:00:43.315Z,2.6,11.4,2.4,1.3,GOOD,5
2026-04-02T00:00:43.875Z,2.4,11.6,2.4,1,GOOD,6
2026-04-02T00:00:44.575Z,2.7,11.5,2.3,1,GOOD,6
2026-04-02T00:00:44.996Z,2.3,11.4,2.3,1.3,GOOD,6
2026-04-02T00:00:45.575Z,2.3,11.8,2.3,1.4,GOOD,6
2026-04-02T00:00:46.115Z,2.4,11.8,2.4,1.1,GOOD,6
2026-04-02T00:00:46.714Z,2.5,11.4,2.5,1.3,GOOD,6
2026-04-02T00:00:47.234Z,2.3,11.6,2.3,1.4,GOOD,6
2026-04-02T00:00:47.815Z,2.8,11.5,2.6,1.1,GOOD,6
2026-04-02T00:00:48.354Z,2.5,11.4,2.1,0.9,GOOD,6
2026-04-02T00:00:48.976Z,2.7,11.1,2.4,1.4,GOOD,6
2026-04-02T00:00:49.555Z,2.9,11.8,2.8,1,GOOD,6
2026-04-02T00:00:50.095Z,2.7,11.8,2.5,1,GOOD,6
2026-04-02T00:00:50.615Z,2.4,12.5,2,0.6,GOOD,6
2026-04-02T00:00:51.235Z,2.5,12.2,2.4,0.9,GOOD,6
2026-04-02T00:00:51.814Z,2.6,12.6,2.5,1.3,GOOD,6
2026-04-02T00:00:52.356Z,2.7,12.4,2.4,1.4,GOOD,6
2026-04-02T00:00:52.896Z,2.5,12.2,2,1.2,GOOD,6
2026-04-02T00:00:53.616Z,2.5,11.9,2.4,0.8,GOOD,6
2026-04-02T00:00:54.075Z,2.6,12.5,2.1,0.6,GOOD,6
2026-04-02T00:00:54.615Z,2.6,12.6,2.3,1.1,GOOD,6
2026-04-02T00:00:55.155Z,2.5,12.4,2.8,0.9,GOOD,6
2026-04-02T00:00:55.736Z,2.8,12,2.3,0.9,GOOD,6
2026-04-02T00:00:56.256Z,3.1,12.2,2.3,1.3,GOOD,6
2026-04-02T00:00:56.816Z,2.4,12.1,2,1.2,GOOD,6
2026-04-02T00:00:57.396Z,3,12.2,2.4,0.7,GOOD,6
2026-04-02T00:00:57.935Z,2.5,12.1,2.9,1,GOOD,6
2026-04-02T00:00:58.511Z,2.7,12.5,2.1,1,GOOD,6
2026-04-02T00:00:59.054Z,2.6,12.1,2.8,0.7,GOOD,6
2026-04-02T00:00:59.635Z,2.7,12.4,2.3,0.7,GOOD,6
2026-04-02T00:01:00.215Z,3.5,13,2.5,0.5,GOOD,6
2026-04-02T00:01:00.794Z,3,13.6,2.5,0.9,GOOD,6
2026-04-02T00:01:01.334Z,3.1,13,2.6,0.7,GOOD,6
2026-04-02T00:01:01.896Z,2.8,12.9,2.2,1.2,GOOD,7
2026-04-02T00:01:02.496Z,2.8,11.7,3.1,0.8,GOOD,7
2026-04-02T00:01:02.994Z,2.9,12.8,2.3,1.1,GOOD,7
2026-04-02T00:01:03.576Z,2.1,12.4,2.7,0.9,GOOD,7
2026-04-02T00:01:04.116Z,2.3,12.5,2.4,0.7,GOOD,7
2026-04-02T00:01:04.696Z,2.1,12.3,2.2,1,GOOD,7
2026-04-02T00:01:05.236Z,2.1,12.9,2.2,0.7,GOOD,7
2026-04-02T00:01:05.914Z,2.6,12.8,2.4,0.6,GOOD,7
2026-04-02T00:01:06.455Z,2.2,12.9,2.2,0.6,GOOD,7
2026-04-02T00:01:06.915Z,2.8,12.7,2.4,0.7,GOOD,7
2026-04-02T00:01:07.775Z,2.7,12.1,2.8,1.4,GOOD,7
2026-04-02T00:01:08.094Z,3.4,13,2.5,1,GOOD,7
2026-04-02T00:01:08.596Z,2.6,12.4,2.7,1.3,GOOD,7
2026-04-02T00:01:09.254Z,2.8,12.3,2.4,1.2,GOOD,7
2026-04-02T00:01:09.755Z,2.5,12.4,2.3,1.1,GOOD,7
2026-04-02T00:01:10.320Z,2.9,12.5,2.5,1,GOOD,7
2026-04-02T00:01:10.835Z,2.8,12,2.7,1.3,GOOD,7
2026-04-02T00:01:11.395Z,2.7,12.7,2.4,1,GOOD,7
2026-04-02T00:01:11.995Z,2.9,12.4,2.3,0.7,GOOD,7
2026-04-02T00:01:12.694Z,2.6,13.1,2.3,2.7,GOOD,7
2026-04-02T00:01:13.154Z,2.9,13.7,2.4,1.1,GOOD,7
2026-04-02T00:01:13.675Z,2.3,10.4,2.4,1.3,GOOD,7
2026-04-02T00:01:14.234Z,2.5,10.7,2.1,1.9,GOOD,7
2026-04-02T00:01:14.795Z,2.1,10.7,2.4,0.7,GOOD,7
2026-04-02T00:01:15.355Z,2.8,10.8,2.5,0.5,GOOD,7
2026-04-02T00:01:15.915Z,2.2,10.5,2.6,0.9,GOOD,7
2026-04-02T00:01:16.475Z,2.4,10.7,2.9,0.8,GOOD,7
2026-04-02T00:01:17.035Z,3,11.5,2.6,0.4,GOOD,7
2026-04-02T00:01:17.595Z,2.8,11.3,3,0.2,GOOD,7
2026-04-02T00:01:18.155Z,2.8,11.8,2.8,0.4,GOOD,7
2026-04-02T00:01:18.714Z,3,11.6,2.8,0.8,GOOD,7
2026-04-02T00:01:19.354Z,2.6,11.9,2.2,0.8,GOOD,7
2026-04-02T00:01:19.854Z,2.4,11.9,2.4,0.5,GOOD,7
2026-04-02T00:01:20.456Z,2.5,11.5,2.8,0.5,GOOD,7
2026-04-02T00:01:20.995Z,2.5,11.3,2.6,1.1,GOOD,8
2026-04-02T00:01:21.535Z,2.5,11.4,2.4,0.7,GOOD,8
2026-04-02T00:01:22.095Z,2.4,11.5,2.3,0.8,GOOD,8
2026-04-02T00:01:22.674Z,3,11.7,2.4,0.8,GOOD,8
2026-04-02T00:01:23.234Z,2.7,10.9,2.7,0.2,GOOD,8
2026-04-02T00:01:23.835Z,3.2,11.8,2.9,0.6,GOOD,8
2026-04-02T00:01:24.356Z,4.3,10.8,3.3,0.5,GOOD,8
2026-04-02T00:01:24.935Z,2.5,11.4,3.1,1,GOOD,8
2026-04-02T00:01:25.455Z,2.7,10.5,2.4,1.1,GOOD,8
2026-04-02T00:01:26.015Z,1.4,10.7,2.9,2.4,GOOD,8
2026-04-02T00:01:26.635Z,2.1,11,2.2,1.7,GOOD,8
2026-04-02T00:01:27.176Z,1.7,11.8,1.8,1.2,GOOD,8
2026-04-02T00:01:27.735Z,1.8,11.4,2.5,0.9,GOOD,8
2026-04-02T00:01:28.314Z,2,11.3,2.2,1,GOOD,8
2026-04-02T00:01:28.854Z,2.3,12,2.2,1.2,GOOD,8
2026-04-02T00:01:29.415Z,2.4,12.2,2.6,1.1,GOOD,8
2026-04-02T00:01:30.015Z,2.3,12,2.4,0.8,GOOD,8
2026-04-02T00:01:30.535Z,1.6,12.9,2.1,1.1,GOOD,8
2026-04-02T00:01:31.095Z,2.2,12.1,2.5,0.8,GOOD,8
2026-04-02T00:01:31.656Z,2.2,12.4,2.6,0.7,GOOD,8
2026-04-02T00:01:32.235Z,2.1,12,2.1,1,GOOD,8
2026-04-02T00:01:32.775Z,1.7,12.4,2.2,0.8,GOOD,8
2026-04-02T00:01:33.354Z,2,12.9,2.5,0.8,GOOD,8
2026-04-02T00:01:33.915Z,2.3,12.3,2.4,0.8,GOOD,8
2026-04-02T00:01:34.495Z,2.3,12.8,2.5,0.8,GOOD,8
2026-04-02T00:01:35.034Z,2.2,12.6,2.3,0.7,GOOD,8
2026-04-02T00:01:35.595Z,1.7,12.8,2.4,1.2,GOOD,8
2026-04-02T00:01:36.175Z,2.4,12.6,2.5,1,GOOD,8
2026-04-02T00:01:36.734Z,2.7,12.7,2.6,0.6,GOOD,8
2026-04-02T00:01:37.296Z,2.6,12.6,2.2,0.9,GOOD,8
2026-04-02T00:01:37.855Z,2.3,13.1,2.5,0.4,GOOD,8
2026-04-02T00:01:38.494Z,2.4,12.6,2.1,0.9,GOOD,8
2026-04-02T00:01:38.955Z,2.5,13.1,2.2,0.9,GOOD,8
2026-04-02T00:01:39.514Z,2.5,12.8,2.4,0.8,GOOD,8
2026-04-02T00:01:40.075Z,2.4,12.7,2.5,0.4,GOOD,9
2026-04-02T00:01:40.656Z,2.5,12.5,2.6,0.8,GOOD,9
2026-04-02T00:01:41.195Z,2.5,12.9,2.8,0.8,GOOD,9
2026-04-02T00:01:41.755Z,2.5,13.1,2.4,0.6,GOOD,9
2026-04-02T00:01:42.396Z,2.1,13,2.3,1,GOOD,9
2026-04-02T00:01:42.914Z,2.3,12.8,2,0.5,GOOD,9
2026-04-02T00:01:43.454Z,2.2,12.5,2.2,0.6,GOOD,9
2026-04-02T00:01:44.034Z,2.5,12.5,2.6,0.5,GOOD,9
2026-04-02T00:01:44.555Z,2.5,12.3,2.5,0.7,GOOD,9
2026-04-02T00:01:45.134Z,2.2,12.7,2.8,0.9,GOOD,9
2026-04-02T00:01:45.674Z,2.4,12.7,2.3,0.9,GOOD,9
2026-04-02T00:01:46.255Z,2.4,13,2.7,0.9,GOOD,9
2026-04-02T00:01:46.794Z,2.4,13,2.2,0.6,GOOD,9
2026-04-02T00:01:47.415Z,2.4,13.3,2.4,0.9,GOOD,9
2026-04-02T00:01:47.974Z,2.4,13,2.8,0.8,GOOD,9
2026-04-02T00:01:48.534Z,2.2,13.3,2.5,1.3,GOOD,9
2026-04-02T00:01:49.094Z,2.4,12.7,2.4,1.1,GOOD,9
2026-04-02T00:01:49.654Z,2.3,12.5,2.5,0.5,GOOD,9
2026-04-02T00:01:50.234Z,2.2,12.8,2.2,0.4,GOOD,9
2026-04-02T00:01:50.775Z,2.5,13,2,0.9,GOOD,9
2026-04-02T00:01:51.354Z,2.3,13.4,2.3,0.8,GOOD,9
2026-04-02T00:01:51.934Z,1.7,12.9,2.7,0.9,GOOD,9
2026-04-02T00:01:52.474Z,3.2,13.2,2.3,0.9,GOOD,9
2026-04-02T00:01:53.054Z,3,12.9,2.6,0.7,GOOD,9
2026-04-02T00:01:53.574Z,2.4,13.1,2.6,0.7,GOOD,9
2026-04-02T00:01:54.193Z,2.6,13,2.6,0.8,GOOD,9
2026-04-02T00:01:54.756Z,2.9,13.4,2.3,0.9,GOOD,9
2026-04-02T00:01:55.354Z,2.9,13.4,2.5,0.6,GOOD,9
2026-04-02T00:01:55.814Z,2.3,13.8,2.3,1.2,GOOD,9
2026-04-02T00:01:56.434Z,2.5,13.2,2.7,0.2,GOOD,9
2026-04-02T00:01:57.035Z,2.8,13.2,2.9,0.5,GOOD,9
2026-04-02T00:01:57.514Z,2.6,13.3,2.6,0.6,GOOD,9
2026-04-02T00:01:58.054Z,2.4,12.9,2.8,1,GOOD,9
2026-04-02T00:01:58.695Z,2.4,13,2.4,0.5,GOOD,9
2026-04-02T00:01:59.175Z,2.7,13.6,2.8,0.9,GOOD,9
2026-04-02T00:01:59.734Z,2.8,13.2,2.5,0.7,GOOD,10
2026-04-02T00:02:00.294Z,2.6,13.2,2.7,0.6,GOOD,10
2026-04-02T00:02:00.854Z,2.6,12.8,2.6,0.5,GOOD,10
2026-04-02T00:02:01.437Z,2.9,13.1,3,0.7,GOOD,10
2026-04-02T00:02:02.056Z,2.9,13.3,2.7,0.6,GOOD,10
2026-04-02T00:02:02.634Z,2.8,13.3,2.8,0.8,GOOD,10
2026-04-02T00:02:03.174Z,2.7,13.6,2.4,0.5,GOOD,10
2026-04-02T00:02:03.734Z,3.5,12.3,2.5,0.6,GOOD,10
2026-04-02T00:02:04.314Z,3.5,14,0.4,1,GOOD,10
2026-04-02T00:02:04.854Z,5.1,12.6,3.1,1.2,GOOD,10